review_id,rule_id,rule_type,current_review_status,engine_status,review_reason,product_line,product_id,step_id,option_group,regions,strength,confidence,message,source_workbook,source_sheet,source_cell,normalized_payload,review_decision,final_rule_type,final_effect,reviewer,reviewed_at,review_notes
dt_review:0001,decision_tree:0001,note,normalized_candidate,not_implemented,decision_tree_normalized_candidate,DRX-Rise,,Step 1,Choose System,,info,0.45,Step 1 | Choose System | DRX-Rise Cart,AM9861_DRX Rise_Decision Tree - 20260622.xlsx,Decision Tree,A2,"{""message"": ""Step 1 | Choose System | DRX-Rise Cart""}",,note,info,,,
dt_review:0002,decision_tree:0002,choose_one,normalized_candidate,not_implemented,decision_tree_normalized_candidate,DRX-Rise,8626004,Step 1,Choose System,,hard_block,0.9,"Not include wifi adapter, need to choose one in Step 11",AM9861_DRX Rise_Decision Tree - 20260622.xlsx,Decision Tree,C3,"{""max"": 1, ""min"": 1, ""option_group"": ""Choose System"", ""source_text"": ""Not include wifi adapter, need to choose one in Step 11"", ""step_id"": ""Step 1""}",,choose_one,hard_block,,,
dt_review:0003,decision_tree:0003,warning,normalized_candidate,not_implemented,decision_tree_normalized_candidate,DRX-Rise,8626012,Step 1,Choose System,china,warning,0.65,China order follow China configuration,AM9861_DRX Rise_Decision Tree - 20260622.xlsx,Decision Tree,C4,"{""message"": ""China order follow China configuration""}",,warning,warning,,,
dt_review:0004,decision_tree:0004,note,normalized_candidate,not_implemented,decision_tree_normalized_candidate,DRX-Rise,,Step 2,Choose System Battery,,info,0.45,Step2 | Choose System Battery | System Battery (included with DRX-Rise Cart),AM9861_DRX Rise_Decision Tree - 20260622.xlsx,Decision Tree,A6,"{""message"": ""Step2 | Choose System Battery | System Battery (included with DRX-Rise Cart)""}",,note,info,,,
dt_review:0005,decision_tree:0005,note,normalized_candidate,not_implemented,decision_tree_normalized_candidate,DRX-Rise,8626178,Step 2,Choose System Battery,,info,0.45,Only for 8626004 order separately from warehouse from distributor,AM9861_DRX Rise_Decision Tree - 20260622.xlsx,Decision Tree,C7,"{""message"": ""Only for 8626004 order separately from warehouse from distributor""}",,note,info,,,
dt_review:0006,decision_tree:0006,note,normalized_candidate,not_implemented,decision_tree_normalized_candidate,DRX-Rise,,Step 3,Selected one WAP for your Country,,info,0.45,Step 3 | Selected one WAP for your Country | WAP (included with DRX-Rise Cart),AM9861_DRX Rise_Decision Tree - 20260622.xlsx,Decision Tree,A9,"{""message"": ""Step 3 | Selected one WAP for your Country | WAP (included with DRX-Rise Cart)""}",,note,info,,,
dt_review:0007,decision_tree:0007,note,normalized_candidate,not_implemented,decision_tree_normalized_candidate,DRX-Rise,8625899,Step 3,Selected one WAP for your Country,us,info,0.45,"8625899 | ACCESS POINT, ARUBA AP-505(US)",AM9861_DRX Rise_Decision Tree - 20260622.xlsx,Decision Tree,C10,"{""message"": ""8625899 | ACCESS POINT, ARUBA AP-505(US)""}",,note,info,,,
dt_review:0008,decision_tree:0008,note,normalized_candidate,not_implemented,decision_tree_normalized_candidate,DRX-Rise,,Step 4,Selected one Power Cord,,info,0.45,Step 4 | Selected one Power Cord | Power Cord,AM9861_DRX Rise_Decision Tree - 20260622.xlsx,Decision Tree,A16,"{""message"": ""Step 4 | Selected one Power Cord | Power Cord""}",,note,info,,,
dt_review:0009,decision_tree:0009,note,normalized_candidate,not_implemented,decision_tree_normalized_candidate,DRX-Rise,8626038,Step 4,Selected one Power Cord,us,info,0.45,8626038 | Power cord for US&C (125 VAC Cord Reel with Nema 5-15 Plug),AM9861_DRX Rise_Decision Tree - 20260622.xlsx,Decision Tree,C17,"{""message"": ""8626038 | Power cord for US&C (125 VAC Cord Reel with Nema 5-15 Plug)""}",,note,info,,,
dt_review:0010,decision_tree:0010,note,normalized_candidate,not_implemented,decision_tree_normalized_candidate,DRX-Rise,8626061,Step 4,Selected one Power Cord,china,info,0.45,8626061 | Power cord for China (250 VAC Cord Reel with a Chinese Plug and CCC approved cordage),AM9861_DRX Rise_Decision Tree - 20260622.xlsx,Decision Tree,C20,"{""message"": ""8626061 | Power cord for China (250 VAC Cord Reel with a Chinese Plug and CCC approved cordage)""}",,note,info,,,
dt_review:0011,decision_tree:0011,note,normalized_candidate,not_implemented,decision_tree_normalized_candidate,DRX-Rise,8626079,Step 4,Selected one Power Cord,,info,0.45,8626079 | Power cord for Australia / New Zealand (250VAC Cord Reel with an Australian / New Zealand Plug),AM9861_DRX Rise_Decision Tree - 20260622.xlsx,Decision Tree,C21,"{""message"": ""8626079 | Power cord for Australia / New Zealand (250VAC Cord Reel with an Australian / New Zealand Plug)""}",,note,info,,,
dt_review:0012,decision_tree:0012,note,normalized_candidate,not_implemented,decision_tree_normalized_candidate,DRX-Rise,,Step 5,Selected one In Bin charging for 2530 bin,,info,0.45,Step 5 | Selected one In Bin charging for 2530 bin | In Bin charging for 2530 bin,AM9861_DRX Rise_Decision Tree - 20260622.xlsx,Decision Tree,A24,"{""message"": ""Step 5 | Selected one In Bin charging for 2530 bin | In Bin charging for 2530 bin""}",,note,info,,,
dt_review:0013,decision_tree:0013,note,normalized_candidate,not_implemented,decision_tree_normalized_candidate,DRX-Rise,,Step 6,Selected one In Bin charging for 3543/4343 bin,,info,0.45,Step 6 | Selected one In Bin charging for 3543/4343 bin | In Bin charging for 3543/4343 bin,AM9861_DRX Rise_Decision Tree - 20260622.xlsx,Decision Tree,A28,"{""message"": ""Step 6 | Selected one In Bin charging for 3543/4343 bin | In Bin charging for 3543/4343 bin""}",,note,info,,,
dt_review:0014,decision_tree:0014,note,normalized_candidate,not_implemented,decision_tree_normalized_candidate,DRX-Rise,8626145,Step 6,Selected one In Bin charging for 3543/4343 bin,,info,0.45,8626145 | In-bin charging - Plus/Lux/Focus HD,AM9861_DRX Rise_Decision Tree - 20260622.xlsx,Decision Tree,C30,"{""message"": ""8626145 | In-bin charging - Plus/Lux/Focus HD""}",,note,info,,,
dt_review:0015,decision_tree:0015,note,normalized_candidate,not_implemented,decision_tree_normalized_candidate,DRX-Rise,8626152,Step 6,Selected one In Bin charging for 3543/4343 bin,,info,0.45,8626152 | In-bin charging - Focus,AM9861_DRX Rise_Decision Tree - 20260622.xlsx,Decision Tree,C31,"{""message"": ""8626152 | In-bin charging - Focus""}",,note,info,,,
dt_review:0016,decision_tree:0016,note,normalized_candidate,not_implemented,decision_tree_normalized_candidate,DRX-Rise,,Step 7,Choose Detector/Battery Options,,info,0.45,Step 7 | Choose Detector/Battery Options | Detector,AM9861_DRX Rise_Decision Tree - 20260622.xlsx,Decision Tree,A33,"{""message"": ""Step 7 | Choose Detector/Battery Options | Detector""}",,note,info,,,
dt_review:0017,decision_tree:0017,note,normalized_candidate,not_implemented,decision_tree_normalized_candidate,DRX-Rise,8624850,Step 7,Choose Detector/Battery Options,us,info,0.45,order separately from US,AM9861_DRX Rise_Decision Tree - 20260622.xlsx,Decision Tree,C34,"{""message"": ""order separately from US""}",,note,info,,,
dt_review:0018,decision_tree:0018,note,normalized_candidate,not_implemented,decision_tree_normalized_candidate,DRX-Rise,8624959,Step 7,Choose Detector/Battery Options,us,info,0.45,order separately from US,AM9861_DRX Rise_Decision Tree - 20260622.xlsx,Decision Tree,C35,"{""message"": ""order separately from US""}",,note,info,,,
dt_review:0019,decision_tree:0019,note,normalized_candidate,not_implemented,decision_tree_normalized_candidate,DRX-Rise,8615247,Step 7,Choose Detector/Battery Options,us,info,0.45,order separately from US,AM9861_DRX Rise_Decision Tree - 20260622.xlsx,Decision Tree,C36,"{""message"": ""order separately from US""}",,note,info,,,
dt_review:0020,decision_tree:0020,note,normalized_candidate,not_implemented,decision_tree_normalized_candidate,DRX-Rise,8620148,Step 7,Choose Detector/Battery Options,us,info,0.45,US&C order,AM9861_DRX Rise_Decision Tree - 20260622.xlsx,Decision Tree,C37,"{""message"": ""US&C order""}",,note,info,,,
dt_review:0021,decision_tree:0021,note,normalized_candidate,not_implemented,decision_tree_normalized_candidate,DRX-Rise,6701122,Step 7,Choose Detector/Battery Options,us,info,0.45,WW ex US&C order,AM9861_DRX Rise_Decision Tree - 20260622.xlsx,Decision Tree,C38,"{""message"": ""WW ex US&C order""}",,note,info,,,
dt_review:0022,decision_tree:0022,note,normalized_candidate,not_implemented,decision_tree_normalized_candidate,DRX-Rise,8621278,Step 7,Choose Detector/Battery Options,us,info,0.45,US&C order,AM9861_DRX Rise_Decision Tree - 20260622.xlsx,Decision Tree,C39,"{""message"": ""US&C order""}",,note,info,,,
dt_review:0023,decision_tree:0023,note,normalized_candidate,not_implemented,decision_tree_normalized_candidate,DRX-Rise,6702336,Step 7,Choose Detector/Battery Options,us,info,0.45,WW ex US&C order,AM9861_DRX Rise_Decision Tree - 20260622.xlsx,Decision Tree,C40,"{""message"": ""WW ex US&C order""}",,note,info,,,
dt_review:0024,decision_tree:0024,note,normalized_candidate,not_implemented,decision_tree_normalized_candidate,DRX-Rise,8625246,Step 7,Choose Detector/Battery Options,us,info,0.45,US&C order,AM9861_DRX Rise_Decision Tree - 20260622.xlsx,Decision Tree,C41,"{""message"": ""US&C order""}",,note,info,,,
dt_review:0025,decision_tree:0025,note,normalized_candidate,not_implemented,decision_tree_normalized_candidate,DRX-Rise,6705727,Step 7,Choose Detector/Battery Options,us,info,0.45,WW ex US&C order,AM9861_DRX Rise_Decision Tree - 20260622.xlsx,Decision Tree,C42,"{""message"": ""WW ex US&C order""}",,note,info,,,
dt_review:0026,decision_tree:0026,note,normalized_candidate,not_implemented,decision_tree_normalized_candidate,DRX-Rise,8625253,Step 7,Choose Detector/Battery Options,us,info,0.45,US&C order,AM9861_DRX Rise_Decision Tree - 20260622.xlsx,Decision Tree,C43,"{""message"": ""US&C order""}",,note,info,,,
dt_review:0027,decision_tree:0027,note,normalized_candidate,not_implemented,decision_tree_normalized_candidate,DRX-Rise,6705735,Step 7,Choose Detector/Battery Options,us,info,0.45,WW ex US&C order,AM9861_DRX Rise_Decision Tree - 20260622.xlsx,Decision Tree,C44,"{""message"": ""WW ex US&C order""}",,note,info,,,
dt_review:0028,decision_tree:0028,note,normalized_candidate,not_implemented,decision_tree_normalized_candidate,DRX-Rise,8615460,Step 7,Choose Detector/Battery Options,us,info,0.45,order separately from US,AM9861_DRX Rise_Decision Tree - 20260622.xlsx,Decision Tree,C45,"{""message"": ""order separately from US""}",,note,info,,,
dt_review:0029,decision_tree:0029,note,normalized_candidate,not_implemented,decision_tree_normalized_candidate,DRX-Rise,8618183,Step 7,Choose Detector/Battery Options,us,info,0.45,order separately from US,AM9861_DRX Rise_Decision Tree - 20260622.xlsx,Decision Tree,C46,"{""message"": ""order separately from US""}",,note,info,,,
dt_review:0030,decision_tree:0030,note,normalized_candidate,not_implemented,decision_tree_normalized_candidate,DRX-Rise,8617060,Step 7,Choose Detector/Battery Options,us,info,0.45,order separately from US,AM9861_DRX Rise_Decision Tree - 20260622.xlsx,Decision Tree,C47,"{""message"": ""order separately from US""}",,note,info,,,
dt_review:0031,decision_tree:0031,note,normalized_candidate,not_implemented,decision_tree_normalized_candidate,DRX-Rise,6701155,Step 7,Choose Detector/Battery Options,us,info,0.45,WW ex US&C order,AM9861_DRX Rise_Decision Tree - 20260622.xlsx,Decision Tree,C48,"{""message"": ""WW ex US&C order""}",,note,info,,,
dt_review:0032,decision_tree:0032,note,normalized_candidate,not_implemented,decision_tree_normalized_candidate,DRX-Rise,8620171,Step 7,Choose Detector/Battery Options,us,info,0.45,US&C order,AM9861_DRX Rise_Decision Tree - 20260622.xlsx,Decision Tree,C49,"{""message"": ""US&C order""}",,note,info,,,
dt_review:0033,decision_tree:0033,note,normalized_candidate,not_implemented,decision_tree_normalized_candidate,DRX-Rise,6701148,Step 7,Choose Detector/Battery Options,,info,0.45,Order from warehouse,AM9861_DRX Rise_Decision Tree - 20260622.xlsx,Decision Tree,C50,"{""message"": ""Order from warehouse""}",,note,info,,,
dt_review:0034,decision_tree:0034,note,normalized_candidate,not_implemented,decision_tree_normalized_candidate,DRX-Rise,8620163,Step 7,Choose Detector/Battery Options,,info,0.45,Order from warehouse,AM9861_DRX Rise_Decision Tree - 20260622.xlsx,Decision Tree,C51,"{""message"": ""Order from warehouse""}",,note,info,,,
dt_review:0035,decision_tree:0035,note,normalized_candidate,not_implemented,decision_tree_normalized_candidate,DRX-Rise,6705859,Step 7,Choose Detector/Battery Options,,info,0.45,Order from warehouse,AM9861_DRX Rise_Decision Tree - 20260622.xlsx,Decision Tree,C52,"{""message"": ""Order from warehouse""}",,note,info,,,
dt_review:0036,decision_tree:0036,note,normalized_candidate,not_implemented,decision_tree_normalized_candidate,DRX-Rise,,Step 8,Choose Optional Grid,,info,0.45,Step 8 | Choose Optional Grid | Grid,AM9861_DRX Rise_Decision Tree - 20260622.xlsx,Decision Tree,A57,"{""message"": ""Step 8 | Choose Optional Grid | Grid""}",,note,info,,,
dt_review:0037,decision_tree:0037,note,normalized_candidate,not_implemented,decision_tree_normalized_candidate,DRX-Rise,,Step 9,Choose Hardware Options,,info,0.45,Step 9 | Choose Hardware Options | Hardware Options:,AM9861_DRX Rise_Decision Tree - 20260622.xlsx,Decision Tree,A64,"{""message"": ""Step 9 | Choose Hardware Options | Hardware Options:""}",,note,info,,,
dt_review:0038,decision_tree:0038,note,normalized_candidate,not_implemented,decision_tree_normalized_candidate,DRX-Rise,8626103,Step 9,Choose Hardware Options,china,info,0.45,"Tablet Launched in: China, Korea, Singapore, Malaysia, Thailand, Philippines, Australia, New Zealand",AM9861_DRX Rise_Decision Tree - 20260622.xlsx,Decision Tree,C66,"{""message"": ""Tablet Launched in: China, Korea, Singapore, Malaysia, Thailand, Philippines, Australia, New Zealand""}",,note,info,,,
dt_review:0039,decision_tree:0039,note,normalized_candidate,not_implemented,decision_tree_normalized_candidate,DRX-Rise,8622128,Step 9,Choose Hardware Options,,info,0.45,"8622128 | DAP - IBA DAP KermaX-Plus ETH, MPN: 120-131ETH, AH0266",AM9861_DRX Rise_Decision Tree - 20260622.xlsx,Decision Tree,C70,"{""message"": ""8622128 | DAP - IBA DAP KermaX-Plus ETH, MPN: 120-131ETH, AH0266""}",,note,info,,,
dt_review:0040,decision_tree:0040,note,normalized_candidate,not_implemented,decision_tree_normalized_candidate,DRX-Rise,8625303,Step 9,Choose Hardware Options,us,info,0.45,order separately from US,AM9861_DRX Rise_Decision Tree - 20260622.xlsx,Decision Tree,C71,"{""message"": ""order separately from US""}",,note,info,,,
dt_review:0041,decision_tree:0041,note,normalized_candidate,not_implemented,decision_tree_normalized_candidate,DRX-Rise,,Step 10,Choose SW Options,,info,0.45,Step10 | Choose SW Options | Software Options:,AM9861_DRX Rise_Decision Tree - 20260622.xlsx,Decision Tree,A73,"{""message"": ""Step10 | Choose SW Options | Software Options:""}",,note,info,,,
dt_review:0042,decision_tree:0042,note,normalized_candidate,not_implemented,decision_tree_normalized_candidate,DRX-Rise,6707608,Step 10,Choose SW Options,,info,0.45,6707608 | EVP Plus for DRX-Rise,AM9861_DRX Rise_Decision Tree - 20260622.xlsx,Decision Tree,C78,"{""message"": ""6707608 | EVP Plus for DRX-Rise""}",,note,info,,,
dt_review:0043,decision_tree:0043,note,normalized_candidate,not_implemented,decision_tree_normalized_candidate,DRX-Rise,,Step 11,Selected wireless module options,,info,0.45,Step11 | Selected wireless module options | Wireless Module | Only for 8626004,AM9861_DRX Rise_Decision Tree - 20260622.xlsx,Decision Tree,A95,"{""message"": ""Step11 | Selected wireless module options | Wireless Module | Only for 8626004""}",,note,info,,,
dt_review:0044,decision_tree:0044,note,normalized_candidate,not_implemented,decision_tree_normalized_candidate,DRX-Rise,8626145,,,,info,0.45,8626145 | 附件箱内充电组件（Plus/Lux/Focus HD） | 1,AM9861_DRX Rise_Decision Tree - 20260622.xlsx,China,B7,"{""message"": ""8626145 | 附件箱内充电组件（Plus/Lux/Focus HD） | 1""}",,note,info,,,
dt_review:0045,decision_tree:0045,note,normalized_candidate,not_implemented,decision_tree_normalized_candidate,DRX-Rise,6707608,,,,info,0.45,6707608 | 功能激活码 - EVP Plus for DRX-Rise | 1,AM9861_DRX Rise_Decision Tree - 20260622.xlsx,China,B14,"{""message"": ""6707608 | 功能激活码 - EVP Plus for DRX-Rise | 1""}",,note,info,,,
dt_review:0046,decision_tree:0046,note,normalized_candidate,not_implemented,decision_tree_normalized_candidate,DRX-Rise,6705727,,,,info,0.45,6705727 | 系统探测器-Focus HD 35 | 1,AM9861_DRX Rise_Decision Tree - 20260622.xlsx,China,B23,"{""message"": ""6705727 | 系统探测器-Focus HD 35 | 1""}",,note,info,,,
dt_review:0047,decision_tree:0047,note,normalized_candidate,not_implemented,decision_tree_normalized_candidate,DRX-Rise,6701155,,,,info,0.45,"如果 主机配置 Focus 43C, HD35 HD 43探测器， 选择此电池充电器",AM9861_DRX Rise_Decision Tree - 20260622.xlsx,China,B26,"{""message"": ""如果 主机配置 Focus 43C, HD35 HD 43探测器， 选择此电池充电器""}",,note,info,,,
dt_review:0048,decision_tree:0048,note,normalized_candidate,not_implemented,decision_tree_normalized_candidate,DRX-Rise,6566459,,,,info,0.45,"如果 主机配置 Plus 3543C, 4343C, 2530C探测器， 选择此电池充电器",AM9861_DRX Rise_Decision Tree - 20260622.xlsx,China,B27,"{""message"": ""如果 主机配置 Plus 3543C, 4343C, 2530C探测器， 选择此电池充电器""}",,note,info,,,
dt_review:0049,decision_tree:0049,note,normalized_candidate,not_implemented,decision_tree_normalized_candidate,DRX-Rise,8609638,,,,info,0.45,8609638 | 系统探测器-DRX Plus 3543C | 1,AM9861_DRX Rise_Decision Tree - 20260622.xlsx,China,B32,"{""message"": ""8609638 | 系统探测器-DRX Plus 3543C | 1""}",,note,info,,,
dt_review:0050,decision_tree:0050,note,normalized_candidate,not_implemented,decision_tree_normalized_candidate,DRX-Rise,6705735,,,,info,0.45,6705735 | 系统探测器-Focus HD 43 | 1,AM9861_DRX Rise_Decision Tree - 20260622.xlsx,China,B33,"{""message"": ""6705735 | 系统探测器-Focus HD 43 | 1""}",,note,info,,,
dt_review:0051,decision_tree:0051,note,normalized_candidate,not_implemented,decision_tree_normalized_candidate,DRX-Rise,8609620,,,,info,0.45,8609620 | 系统探测器-DRX Plus 4343C | 1,AM9861_DRX Rise_Decision Tree - 20260622.xlsx,China,B34,"{""message"": ""8609620 | 系统探测器-DRX Plus 4343C | 1""}",,note,info,,,
dt_review:0052,decision_tree:0052,note,normalized_candidate,not_implemented,decision_tree_normalized_candidate,DRX-Revolution Plus,,Step 1,Step 1: Choose System | List Price | BMI Min,,info,0.45,Step 1: Choose System | List Price | BMI Min,August 2025_Decision Tree DRX-Revolution Plus.xlsx,Revolution,A3,"{""message"": ""Step 1: Choose System | List Price | BMI Min""}",,note,info,,,
dt_review:0053,decision_tree:0053,note,normalized_candidate,not_implemented,decision_tree_normalized_candidate,DRX-Revolution Plus,8618894,Step 1,Step 1: Choose System | List Price | BMI Min,,info,0.45,8618894 | DRX-Revolution Mobile X-Ray System Plus Model | 125000 | 75000,August 2025_Decision Tree DRX-Revolution Plus.xlsx,Revolution,B4,"{""message"": ""8618894 | DRX-Revolution Mobile X-Ray System Plus Model | 125000 | 75000""}",,note,info,,,
dt_review:0054,decision_tree:0054,region_allow,normalized_candidate,not_implemented,decision_tree_normalized_candidate,DRX-Revolution Plus,8618928,Step 1,Step 1: Choose System | List Price | BMI Min,china,hard_block,0.9,8618928 | DRX-Revolution Mobile X-Ray System Plus Model (China only) | 125000 | 75000,August 2025_Decision Tree DRX-Revolution Plus.xlsx,Revolution,B5,"{""allowed_regions"": [""china""], ""source_text"": ""8618928 | DRX-Revolution Mobile X-Ray System Plus Model (China only) | 125000 | 75000""}",,region_allow,hard_block,,,
dt_review:0055,decision_tree:0055,note,normalized_candidate,not_implemented,decision_tree_normalized_candidate,DRX-Revolution Plus,8618902,Step 1,Step 1: Choose System | List Price | BMI Min,,info,0.45,8618902 | DRX-Revolution Mobile X-Ray System Plus Model with Installation and Warranty | 125000 | 75000,August 2025_Decision Tree DRX-Revolution Plus.xlsx,Revolution,B6,"{""message"": ""8618902 | DRX-Revolution Mobile X-Ray System Plus Model with Installation and Warranty | 125000 | 75000""}",,note,info,,,
dt_review:0056,decision_tree:0056,note,normalized_candidate,not_implemented,decision_tree_normalized_candidate,DRX-Revolution Plus,8918910,Step 1,Step 1: Choose System | List Price | BMI Min,,info,0.45,8918910 | DRX-Revolution Mobile X-Ray System Plus Model with Parts Warranty | 125000 | 75000,August 2025_Decision Tree DRX-Revolution Plus.xlsx,Revolution,B7,"{""message"": ""8918910 | DRX-Revolution Mobile X-Ray System Plus Model with Parts Warranty | 125000 | 75000""}",,note,info,,,
dt_review:0057,decision_tree:0057,must_select,normalized_candidate,not_implemented,decision_tree_normalized_candidate,DRX-Revolution Plus,,Step 2,Step 2: Must Choose the Collimator Type,,hard_block,0.75,Step 2: Must Choose the Collimator Type,August 2025_Decision Tree DRX-Revolution Plus.xlsx,Revolution,A9,"{""option_group"": ""Step 2: Must Choose the Collimator Type"", ""required_selection_text"": ""Step 2: Must Choose the Collimator Type"", ""step_id"": ""Step 2""}",,must_select,hard_block,,,
dt_review:0058,decision_tree:0058,note,normalized_candidate,not_implemented,decision_tree_normalized_candidate,DRX-Revolution Plus,8618936,Step 2,Step 2: Must Choose the Collimator Type,,info,0.45,8618936 | Standard Collimator DRX-Revolution Plus Model | 0 | 0,August 2025_Decision Tree DRX-Revolution Plus.xlsx,Revolution,B10,"{""message"": ""8618936 | Standard Collimator DRX-Revolution Plus Model | 0 | 0""}",,note,info,,,
dt_review:0059,decision_tree:0059,note,normalized_candidate,not_implemented,decision_tree_normalized_candidate,DRX-Revolution Plus,8618944,Step 2,Step 2: Must Choose the Collimator Type,,info,0.45,8618944 | Collimator with Filter Wheel DRX-Revolution Plus Model | 1500 | 1100,August 2025_Decision Tree DRX-Revolution Plus.xlsx,Revolution,B11,"{""message"": ""8618944 | Collimator with Filter Wheel DRX-Revolution Plus Model | 1500 | 1100""}",,note,info,,,
dt_review:0060,decision_tree:0060,must_select,normalized_candidate,not_implemented,decision_tree_normalized_candidate,DRX-Revolution Plus,,Step 3,Step 3: Must Choose Power Cord- Cord Reel,,hard_block,0.75,Step 3: Must Choose Power Cord- Cord Reel,August 2025_Decision Tree DRX-Revolution Plus.xlsx,Revolution,A13,"{""option_group"": ""Step 3: Must Choose Power Cord- Cord Reel"", ""required_selection_text"": ""Step 3: Must Choose Power Cord- Cord Reel"", ""step_id"": ""Step 3""}",,must_select,hard_block,,,
dt_review:0061,decision_tree:0061,note,normalized_candidate,not_implemented,decision_tree_normalized_candidate,DRX-Revolution Plus,8618951,Step 3,Step 3: Must Choose Power Cord- Cord Reel,us,info,0.45,8618951 | Cord Reel for DRX-Revolution Plus model (US&C) | 0 | 0,August 2025_Decision Tree DRX-Revolution Plus.xlsx,Revolution,B14,"{""message"": ""8618951 | Cord Reel for DRX-Revolution Plus model (US&C) | 0 | 0""}",,note,info,,,
dt_review:0062,decision_tree:0062,note,normalized_candidate,not_implemented,decision_tree_normalized_candidate,DRX-Revolution Plus,8618977,Step 3,Step 3: Must Choose Power Cord- Cord Reel,,info,0.45,8618977 | Cord Reel for DRX-Revolution Plus model (UK) | 0 | 0,August 2025_Decision Tree DRX-Revolution Plus.xlsx,Revolution,B15,"{""message"": ""8618977 | Cord Reel for DRX-Revolution Plus model (UK) | 0 | 0""}",,note,info,,,
dt_review:0063,decision_tree:0063,note,normalized_candidate,not_implemented,decision_tree_normalized_candidate,DRX-Revolution Plus,8618993,Step 3,Step 3: Must Choose Power Cord- Cord Reel,,info,0.45,8618993 | Cord Reel for DRX-Revolution Plus model (EUR) | 0 | 0,August 2025_Decision Tree DRX-Revolution Plus.xlsx,Revolution,B16,"{""message"": ""8618993 | Cord Reel for DRX-Revolution Plus model (EUR) | 0 | 0""}",,note,info,,,
dt_review:0064,decision_tree:0064,note,normalized_candidate,not_implemented,decision_tree_normalized_candidate,DRX-Revolution Plus,8619009,Step 3,Step 3: Must Choose Power Cord- Cord Reel,china,info,0.45,8619009 | Cord Reel for DRX-Revolution Plus model (CHINA) | 0 | 0,August 2025_Decision Tree DRX-Revolution Plus.xlsx,Revolution,B17,"{""message"": ""8619009 | Cord Reel for DRX-Revolution Plus model (CHINA) | 0 | 0""}",,note,info,,,
dt_review:0065,decision_tree:0065,note,normalized_candidate,not_implemented,decision_tree_normalized_candidate,DRX-Revolution Plus,8619017,Step 3,Step 3: Must Choose Power Cord- Cord Reel,,info,0.45,8619017 | Cord Reel for DRX-Revolution Plus model (AUS) | 0 | 0,August 2025_Decision Tree DRX-Revolution Plus.xlsx,Revolution,B18,"{""message"": ""8619017 | Cord Reel for DRX-Revolution Plus model (AUS) | 0 | 0""}",,note,info,,,
dt_review:0066,decision_tree:0066,note,normalized_candidate,not_implemented,decision_tree_normalized_candidate,DRX-Revolution Plus,8619025,Step 3,Step 3: Must Choose Power Cord- Cord Reel,,info,0.45,8619025 | 125VAC No Plug Cord Reel for DRX-Revolution Plus Model | 0 | 0,August 2025_Decision Tree DRX-Revolution Plus.xlsx,Revolution,B19,"{""message"": ""8619025 | 125VAC No Plug Cord Reel for DRX-Revolution Plus Model | 0 | 0""}",,note,info,,,
dt_review:0067,decision_tree:0067,note,normalized_candidate,not_implemented,decision_tree_normalized_candidate,DRX-Revolution Plus,8619033,Step 3,Step 3: Must Choose Power Cord- Cord Reel,,info,0.45,8619033 | 250VAC No Plug Cord Reel for DRX-Revolution Plus Model | 0 | 0,August 2025_Decision Tree DRX-Revolution Plus.xlsx,Revolution,B20,"{""message"": ""8619033 | 250VAC No Plug Cord Reel for DRX-Revolution Plus Model | 0 | 0""}",,note,info,,,
dt_review:0068,decision_tree:0068,must_select,normalized_candidate,not_implemented,decision_tree_normalized_candidate,DRX-Revolution Plus,,Step 4,Step 4: Must Choose the Proper WAP for your Country,,hard_block,0.75,Step 4: Must Choose the Proper WAP for your Country,August 2025_Decision Tree DRX-Revolution Plus.xlsx,Revolution,A22,"{""option_group"": ""Step 4: Must Choose the Proper WAP for your Country"", ""required_selection_text"": ""Step 4: Must Choose the Proper WAP for your Country"", ""step_id"": ""Step 4""}",,must_select,hard_block,,,
dt_review:0069,decision_tree:0069,note,normalized_candidate,not_implemented,decision_tree_normalized_candidate,DRX-Revolution Plus,8625899,Step 4,Step 4: Must Choose the Proper WAP for your Country,us,info,0.45,"8625899 | ACCESS POINT, ARUBA AP-505(US) | 0 | 0",August 2025_Decision Tree DRX-Revolution Plus.xlsx,Revolution,B23,"{""message"": ""8625899 | ACCESS POINT, ARUBA AP-505(US) | 0 | 0""}",,note,info,,,
dt_review:0070,decision_tree:0070,region_allow,normalized_candidate,not_implemented,decision_tree_normalized_candidate,DRX-Revolution Plus,8625873,Step 4,Step 4: Must Choose the Proper WAP for your Country,us,hard_block,0.9,"8625873 | ACCESS POINT, ARUBA AP-505(US), FIPS US ONLY | 0 | 0",August 2025_Decision Tree DRX-Revolution Plus.xlsx,Revolution,B27,"{""allowed_regions"": [""us""], ""source_text"": ""8625873 | ACCESS POINT, ARUBA AP-505(US), FIPS US ONLY | 0 | 0""}",,region_allow,hard_block,,,
dt_review:0071,decision_tree:0071,must_select,normalized_candidate,not_implemented,decision_tree_normalized_candidate,DRX-Revolution Plus,,Step 5,Step 5: Must Choose the Side Panels,,hard_block,0.75,Step 5: Must Choose the Side Panels,August 2025_Decision Tree DRX-Revolution Plus.xlsx,Revolution,A29,"{""option_group"": ""Step 5: Must Choose the Side Panels"", ""required_selection_text"": ""Step 5: Must Choose the Side Panels"", ""step_id"": ""Step 5""}",,must_select,hard_block,,,
dt_review:0072,decision_tree:0072,note,normalized_candidate,not_implemented,decision_tree_normalized_candidate,DRX-Revolution Plus,8619207,Step 5,Step 5: Must Choose the Side Panels,,info,0.45,8619207 | Standard Side Panels DRX-Revolution Plus Model | 0 | 0,August 2025_Decision Tree DRX-Revolution Plus.xlsx,Revolution,B30,"{""message"": ""8619207 | Standard Side Panels DRX-Revolution Plus Model | 0 | 0""}",,note,info,,,
dt_review:0073,decision_tree:0073,note,normalized_candidate,not_implemented,decision_tree_normalized_candidate,DRX-Revolution Plus,,Step 6,Step 6: Choose Hardware Options,,info,0.45,Step 6: Choose Hardware Options,August 2025_Decision Tree DRX-Revolution Plus.xlsx,Revolution,A39,"{""message"": ""Step 6: Choose Hardware Options""}",,note,info,,,
dt_review:0074,decision_tree:0074,note,normalized_candidate,not_implemented,decision_tree_normalized_candidate,DRX-Revolution Plus,8619504,Step 6,Step 6: Choose Hardware Options,,info,0.45,8619504 | DAP Meter for DRX-Revolution Plus Model | 2500 | 3000,August 2025_Decision Tree DRX-Revolution Plus.xlsx,Revolution,B40,"{""message"": ""8619504 | DAP Meter for DRX-Revolution Plus Model | 2500 | 3000""}",,note,info,,,
dt_review:0075,decision_tree:0075,note,normalized_candidate,not_implemented,decision_tree_normalized_candidate,DRX-Revolution Plus,8619215,Step 6,Step 6: Choose Hardware Options,,info,0.45,8619215 | Remote Exposure Switch DRX-Revolution Plus Model | 1500 | 1000,August 2025_Decision Tree DRX-Revolution Plus.xlsx,Revolution,B41,"{""message"": ""8619215 | Remote Exposure Switch DRX-Revolution Plus Model | 1500 | 1000""}",,note,info,,,
dt_review:0076,decision_tree:0076,note,normalized_candidate,not_implemented,decision_tree_normalized_candidate,DRX-Revolution Plus,8619157,Step 6,Step 6: Choose Hardware Options,,info,0.45,8619157 | 1D Bar Code Reader DRX-Revolution Plus Model | 300 | 150,August 2025_Decision Tree DRX-Revolution Plus.xlsx,Revolution,B42,"{""message"": ""8619157 | 1D Bar Code Reader DRX-Revolution Plus Model | 300 | 150""}",,note,info,,,
dt_review:0077,decision_tree:0077,note,normalized_candidate,not_implemented,decision_tree_normalized_candidate,DRX-Revolution Plus,8619140,Step 6,Step 6: Choose Hardware Options,,info,0.45,8619140 | RFID DRX-Revolution Plus Model | 300 | 150,August 2025_Decision Tree DRX-Revolution Plus.xlsx,Revolution,B44,"{""message"": ""8619140 | RFID DRX-Revolution Plus Model | 300 | 150""}",,note,info,,,
dt_review:0078,decision_tree:0078,note,normalized_candidate,not_implemented,decision_tree_normalized_candidate,DRX-Revolution Plus,8619165,Step 6,Step 6: Choose Hardware Options,,info,0.45,8619165 | External Filter Holder DRX-Revolution Plus Model | 1500 | 1000,August 2025_Decision Tree DRX-Revolution Plus.xlsx,Revolution,B47,"{""message"": ""8619165 | External Filter Holder DRX-Revolution Plus Model | 1500 | 1000""}",,note,info,,,
dt_review:0079,decision_tree:0079,note,normalized_candidate,not_implemented,decision_tree_normalized_candidate,DRX-Revolution Plus,8619173,Step 6,Step 6: Choose Hardware Options,,info,0.45,8619173 | Detector Bin Lock DRX-Revolution Plus Model | 1000 | 700,August 2025_Decision Tree DRX-Revolution Plus.xlsx,Revolution,B48,"{""message"": ""8619173 | Detector Bin Lock DRX-Revolution Plus Model | 1000 | 700""}",,note,info,,,
dt_review:0080,decision_tree:0080,note,normalized_candidate,not_implemented,decision_tree_normalized_candidate,DRX-Revolution Plus,8619181,Step 6,Step 6: Choose Hardware Options,,info,0.45,8619181 | In Bin Detector Charging DRX-Revolution Plus Model | 1500 | 1000,August 2025_Decision Tree DRX-Revolution Plus.xlsx,Revolution,B49,"{""message"": ""8619181 | In Bin Detector Charging DRX-Revolution Plus Model | 1500 | 1000""}",,note,info,,,
dt_review:0081,decision_tree:0081,note,normalized_candidate,not_implemented,decision_tree_normalized_candidate,DRX-Revolution Plus,8619124,Step 6,Step 6: Choose Hardware Options,,info,0.45,8619124 | 43x43 Bin Accessory DRX-Revolution Plus Model | 1400 | 1000,August 2025_Decision Tree DRX-Revolution Plus.xlsx,Revolution,B50,"{""message"": ""8619124 | 43x43 Bin Accessory DRX-Revolution Plus Model | 1400 | 1000""}",,note,info,,,
dt_review:0082,decision_tree:0082,region_allow,normalized_candidate,not_implemented,decision_tree_normalized_candidate,DRX-Revolution Plus,8619199,Step 6,Step 6: Choose Hardware Options,us,hard_block,0.9,8619199 | HDMI DRX-Revolution Plus Model US ONLY | 1000 | 700,August 2025_Decision Tree DRX-Revolution Plus.xlsx,Revolution,B51,"{""allowed_regions"": [""us""], ""source_text"": ""8619199 | HDMI DRX-Revolution Plus Model US ONLY | 1000 | 700""}",,region_allow,hard_block,,,
dt_review:0083,decision_tree:0083,note,normalized_candidate,not_implemented,decision_tree_normalized_candidate,DRX-Revolution Plus,,Step 7,Step 7: Choose Detector/Battery Options,,info,0.45,Step 7: Choose Detector/Battery Options,August 2025_Decision Tree DRX-Revolution Plus.xlsx,Revolution,A54,"{""message"": ""Step 7: Choose Detector/Battery Options""}",,note,info,,,
dt_review:0084,decision_tree:0084,note,normalized_candidate,not_implemented,decision_tree_normalized_candidate,DRX-Revolution Plus,1068105,Step 7,Step 7: Choose Detector/Battery Options,,info,0.45,1068105 | DRX Plus 3543 Detector | 130000 | 78000,August 2025_Decision Tree DRX-Revolution Plus.xlsx,Revolution,B55,"{""message"": ""1068105 | DRX Plus 3543 Detector | 130000 | 78000""}",,note,info,,,
dt_review:0085,decision_tree:0085,note,normalized_candidate,not_implemented,decision_tree_normalized_candidate,DRX-Revolution Plus,1068162,Step 7,Step 7: Choose Detector/Battery Options,,info,0.45,1068162 | DRX Plus 3543C Detector | 148000 | 88800,August 2025_Decision Tree DRX-Revolution Plus.xlsx,Revolution,B56,"{""message"": ""1068162 | DRX Plus 3543C Detector | 148000 | 88800""}",,note,info,,,
dt_review:0086,decision_tree:0086,note,normalized_candidate,not_implemented,decision_tree_normalized_candidate,DRX-Revolution Plus,1745959,Step 7,Step 7: Choose Detector/Battery Options,,info,0.45,1745959 | DRX Plus 4343 Detector | 160000 | 96000,August 2025_Decision Tree DRX-Revolution Plus.xlsx,Revolution,B57,"{""message"": ""1745959 | DRX Plus 4343 Detector | 160000 | 96000""}",,note,info,,,
dt_review:0087,decision_tree:0087,note,normalized_candidate,not_implemented,decision_tree_normalized_candidate,DRX-Revolution Plus,1746056,Step 7,Step 7: Choose Detector/Battery Options,,info,0.45,1746056 | DRX Plus 4343C Detector | 180000 | 108000,August 2025_Decision Tree DRX-Revolution Plus.xlsx,Revolution,B58,"{""message"": ""1746056 | DRX Plus 4343C Detector | 180000 | 108000""}",,note,info,,,
dt_review:0088,decision_tree:0088,note,normalized_candidate,not_implemented,decision_tree_normalized_candidate,DRX-Revolution Plus,8615247,Step 7,Step 7: Choose Detector/Battery Options,,info,0.45,8615247 | DRX Plus 2530C Detector | 104000 | 62400,August 2025_Decision Tree DRX-Revolution Plus.xlsx,Revolution,B60,"{""message"": ""8615247 | DRX Plus 2530C Detector | 104000 | 62400""}",,note,info,,,
dt_review:0089,decision_tree:0089,note,normalized_candidate,not_implemented,decision_tree_normalized_candidate,DRX-Revolution Plus,8617060,Step 7,Step 7: Choose Detector/Battery Options,,info,0.45,8617060 | DRX Detector Battery - Additional Battery for Plus 25x30C detector | 500 | 300,August 2025_Decision Tree DRX-Revolution Plus.xlsx,Revolution,B61,"{""message"": ""8617060 | DRX Detector Battery - Additional Battery for Plus 25x30C detector | 500 | 300""}",,note,info,,,
dt_review:0090,decision_tree:0090,choose_one,normalized_candidate,not_implemented,decision_tree_normalized_candidate,DRX-Revolution Plus,,Step 8,Step 8: Must Choose One of These Optional Grids,,hard_block,0.9,Step 8: Must Choose One of These Optional Grids,August 2025_Decision Tree DRX-Revolution Plus.xlsx,Revolution,A65,"{""max"": 1, ""min"": 1, ""option_group"": ""Step 8: Must Choose One of These Optional Grids"", ""source_text"": ""Step 8: Must Choose One of These Optional Grids"", ""step_id"": ""Step 8""}",,choose_one,hard_block,,,
dt_review:0091,decision_tree:0091,note,normalized_candidate,not_implemented,decision_tree_normalized_candidate,DRX-Revolution Plus,8615288,Step 8,Step 8: Must Choose One of These Optional Grids,,info,0.45,"8615288 | DRX Plus 2530C Grid 8:1 103 Line / inch FD 34""- 44"" | 4000 | 2400",August 2025_Decision Tree DRX-Revolution Plus.xlsx,Revolution,B79,"{""message"": ""8615288 | DRX Plus 2530C Grid 8:1 103 Line / inch FD 34\""- 44\"" | 4000 | 2400""}",,note,info,,,
dt_review:0092,decision_tree:0092,note,normalized_candidate,not_implemented,decision_tree_normalized_candidate,DRX-Revolution Plus,9615296,Step 8,Step 8: Must Choose One of These Optional Grids,,info,0.45,"9615296 | DRX Plus 2530C Detector holder, No Grid | 3000 | 1800",August 2025_Decision Tree DRX-Revolution Plus.xlsx,Revolution,B80,"{""message"": ""9615296 | DRX Plus 2530C Detector holder, No Grid | 3000 | 1800""}",,note,info,,,
dt_review:0093,decision_tree:0093,note,normalized_candidate,not_implemented,decision_tree_normalized_candidate,DRX-Revolution Plus,,Step 9,Step 9: Choose SW Options,,info,0.45,Step 9: Choose SW Options,August 2025_Decision Tree DRX-Revolution Plus.xlsx,Revolution,A84,"{""message"": ""Step 9: Choose SW Options""}",,note,info,,,
dt_review:0094,decision_tree:0094,note,normalized_candidate,not_implemented,decision_tree_normalized_candidate,DRX-Revolution Plus,1019587,Step 9,Step 9: Choose SW Options,,info,0.45,1019587 | EVP Plus for Revolution | 15000 | 9000,August 2025_Decision Tree DRX-Revolution Plus.xlsx,Revolution,B85,"{""message"": ""1019587 | EVP Plus for Revolution | 15000 | 9000""}",,note,info,,,
dt_review:0095,decision_tree:0095,note,normalized_candidate,not_implemented,decision_tree_normalized_candidate,DRX-Revolution Plus,1034065,Step 9,Step 9: Choose SW Options,,info,0.45,1034065 | DR Total Quality Tool Phantom Only for Revolution | 5000 | 3000,August 2025_Decision Tree DRX-Revolution Plus.xlsx,Revolution,B101,"{""message"": ""1034065 | DR Total Quality Tool Phantom Only for Revolution | 5000 | 3000""}",,note,info,,,
dt_review:0096,decision_tree:0096,note,normalized_candidate,not_implemented,decision_tree_normalized_candidate,DRX-Revolution Plus,1034073,Step 9,Step 9: Choose SW Options,,info,0.45,1034073 | DR Total Quality Tool Additional SW Only for Revolution | 5000 | 3000,August 2025_Decision Tree DRX-Revolution Plus.xlsx,Revolution,B102,"{""message"": ""1034073 | DR Total Quality Tool Additional SW Only for Revolution | 5000 | 3000""}",,note,info,,,
dt_review:0097,decision_tree:0097,note,normalized_candidate,not_implemented,decision_tree_normalized_candidate,DRX-Revolution Plus,,Step 11,Step 11: Choose Cybersecurity Options,,info,0.45,Step 11: Choose Cybersecurity Options,August 2025_Decision Tree DRX-Revolution Plus.xlsx,Revolution,A107,"{""message"": ""Step 11: Choose Cybersecurity Options""}",,note,info,,,
dt_review:0098,decision_tree:0098,note,normalized_candidate,not_implemented,decision_tree_normalized_candidate,DRX-Revolution Plus,8619256,Step 11,Step 11: Choose Cybersecurity Options,,info,0.45,8619256 | Standard Grade Data at Rest (DAR) Hard Drive Encryption DRX-Revolution Plus Model | 1781 | 594,August 2025_Decision Tree DRX-Revolution Plus.xlsx,Revolution,B109,"{""message"": ""8619256 | Standard Grade Data at Rest (DAR) Hard Drive Encryption DRX-Revolution Plus Model | 1781 | 594""}",,note,info,,,
dt_review:0099,decision_tree:0099,note,normalized_candidate,not_implemented,decision_tree_normalized_candidate,DRX-Revolution Plus,,Step 12,Step 12: Choose Applications Training Options,,info,0.45,Step 12: Choose Applications Training Options,August 2025_Decision Tree DRX-Revolution Plus.xlsx,Revolution,A111,"{""message"": ""Step 12: Choose Applications Training Options""}",,note,info,,,
dt_review:0100,decision_tree:0100,choose_one,normalized_candidate,not_implemented,decision_tree_normalized_candidate,DRX-Compass FMT,,Step 1a,Pick one DRX-Compass Proper System & Branding,,hard_block,0.9,Step 1a | Pick one DRX-Compass Proper System & Branding,Copy of AM3903_M_ Decision Tree of DRX-Compass OTC & FMT.xlsx,DRX-Compass FMT WW,C8,"{""max"": 1, ""min"": 1, ""option_group"": ""Pick one DRX-Compass Proper System & Branding"", ""source_text"": ""Step 1a | Pick one DRX-Compass Proper System & Branding"", ""step_id"": ""Step 1a""}",,choose_one,hard_block,,,
dt_review:0101,decision_tree:0101,note,normalized_candidate,not_implemented,decision_tree_normalized_candidate,DRX-Compass FMT,6704878,Step 1a,Pick one DRX-Compass Proper System & Branding,,info,0.45,"Select proper system Hub base system based upon Analog or Digital requirements Includes: - DRX Console for use with any Digital Detector - PDU Base for any Power generator, - Engage Flex Pro 512 GB -Detector Calibration kit with Phantom",Copy of AM3903_M_ Decision Tree of DRX-Compass OTC & FMT.xlsx,DRX-Compass FMT WW,C10,"{""message"": ""Select proper system Hub base system based upon Analog or Digital requirements Includes: - DRX Console for use with any Digital Detector - PDU Base for any Power generator, - Engage Flex Pro 512 GB -Detector Calibration kit with Phantom""}",,note,info,,,
dt_review:0102,decision_tree:0102,region_allow,normalized_candidate,not_implemented,decision_tree_normalized_candidate,DRX-Compass FMT,,Step 1b,Select Branding Kit - US Region Only,us,hard_block,0.9,Step 1b | Select Branding Kit - US Region Only,Copy of AM3903_M_ Decision Tree of DRX-Compass OTC & FMT.xlsx,DRX-Compass FMT WW,C12,"{""allowed_regions"": [""us""], ""source_text"": ""Step 1b | Select Branding Kit - US Region Only""}",,region_allow,hard_block,,,
dt_review:0103,decision_tree:0103,region_allow,normalized_candidate,not_implemented,decision_tree_normalized_candidate,DRX-Compass FMT,6703656,Step 1b,Select Branding Kit - US Region Only,us,hard_block,0.9,Fit Branding Kits are for Dealer Only and always include with Parts Warranty Only Systems Currently US & C Only | Any one of the 2: It's only Table or WS. Selecting both: It's normal system,Copy of AM3903_M_ Decision Tree of DRX-Compass OTC & FMT.xlsx,DRX-Compass FMT WW,C14,"{""allowed_regions"": [""us""], ""source_text"": ""Fit Branding Kits are for Dealer Only and always include with Parts Warranty Only Systems Currently US & C Only | Any one of the 2: It's only Table or WS. Selecting both: It's normal system""}",,region_allow,hard_block,,,
dt_review:0104,decision_tree:0104,note,normalized_candidate,not_implemented,decision_tree_normalized_candidate,DRX-Compass FMT,6703680,Step 1b,Select Branding Kit - US Region Only,,info,0.45,Compass Branding Kits are for Direct or Dealer Systems and may include either Full I & W OR Parts Warranty Only,Copy of AM3903_M_ Decision Tree of DRX-Compass OTC & FMT.xlsx,DRX-Compass FMT WW,C15,"{""message"": ""Compass Branding Kits are for Direct or Dealer Systems and may include either Full I & W OR Parts Warranty Only""}",,note,info,,,
dt_review:0105,decision_tree:0105,region_allow,normalized_candidate,not_implemented,decision_tree_normalized_candidate,DRX-Compass FMT,6704456,Step 1b,Select Branding Kit - US Region Only,us,hard_block,0.9,Fit Branding Kits are for Dealer Only and always include with Parts Warranty Only Systems Currently US & C Only,Copy of AM3903_M_ Decision Tree of DRX-Compass OTC & FMT.xlsx,DRX-Compass FMT WW,C16,"{""allowed_regions"": [""us""], ""source_text"": ""Fit Branding Kits are for Dealer Only and always include with Parts Warranty Only Systems Currently US & C Only""}",,region_allow,hard_block,,,
dt_review:0106,decision_tree:0106,note,normalized_candidate,not_implemented,decision_tree_normalized_candidate,DRX-Compass FMT,6704464,Step 1b,Select Branding Kit - US Region Only,,info,0.45,Compass Branding Kits are for Direct or Dealer Systems and may include either Full I & W OR Parts Warranty Only,Copy of AM3903_M_ Decision Tree of DRX-Compass OTC & FMT.xlsx,DRX-Compass FMT WW,C17,"{""message"": ""Compass Branding Kits are for Direct or Dealer Systems and may include either Full I & W OR Parts Warranty Only""}",,note,info,,,
dt_review:0107,decision_tree:0107,region_allow,normalized_candidate,not_implemented,decision_tree_normalized_candidate,DRX-Compass FMT,6705305,Step 1b,Select Branding Kit - US Region Only,us,hard_block,0.9,Fit Branding Kits are for Dealer Only and always include with Parts Warranty Only Systems Currently US & C Only | For Tubestand Only System Step 4c/9/10/11/12/13 don't be selected,Copy of AM3903_M_ Decision Tree of DRX-Compass OTC & FMT.xlsx,DRX-Compass FMT WW,C18,"{""allowed_regions"": [""us""], ""source_text"": ""Fit Branding Kits are for Dealer Only and always include with Parts Warranty Only Systems Currently US & C Only | For Tubestand Only System Step 4c/9/10/11/12/13 don't be selected""}",,region_allow,hard_block,,,
dt_review:0108,decision_tree:0108,note,normalized_candidate,not_implemented,decision_tree_normalized_candidate,DRX-Compass FMT,6705313,Step 1b,Select Branding Kit - US Region Only,,info,0.45,Compass Branding Kits are for Direct or Dealer Systems and may include either Full I & W OR Parts Warranty Only,Copy of AM3903_M_ Decision Tree of DRX-Compass OTC & FMT.xlsx,DRX-Compass FMT WW,C19,"{""message"": ""Compass Branding Kits are for Direct or Dealer Systems and may include either Full I & W OR Parts Warranty Only""}",,note,info,,,
dt_review:0109,decision_tree:0109,must_select,normalized_candidate,not_implemented,decision_tree_normalized_candidate,DRX-Compass FMT,,Step 2,Must Select Generator,,hard_block,0.75,Step 2 | Must Select Generator,Copy of AM3903_M_ Decision Tree of DRX-Compass OTC & FMT.xlsx,DRX-Compass FMT WW,C21,"{""option_group"": ""Must Select Generator"", ""required_selection_text"": ""Step 2 | Must Select Generator"", ""step_id"": ""Step 2""}",,must_select,hard_block,,,
dt_review:0110,decision_tree:0110,must_select,normalized_candidate,not_implemented,decision_tree_normalized_candidate,DRX-Compass FMT,,Step 3,Must Select Floor Mount Tube Stand (FMT) type,,hard_block,0.75,Step 3 | Must Select Floor Mount Tube Stand (FMT) type,Copy of AM3903_M_ Decision Tree of DRX-Compass OTC & FMT.xlsx,DRX-Compass FMT WW,C30,"{""option_group"": ""Must Select Floor Mount Tube Stand (FMT) type"", ""required_selection_text"": ""Step 3 | Must Select Floor Mount Tube Stand (FMT) type"", ""step_id"": ""Step 3""}",,must_select,hard_block,,,
dt_review:0111,decision_tree:0111,note,normalized_candidate,not_implemented,decision_tree_normalized_candidate,DRX-Compass FMT,6704522,Step 3,Must Select Floor Mount Tube Stand (FMT) type,,info,0.45,"Floor Mount Tube Stand,Touch Screen , Z Manual include Z-Detent SID switch and X-Detent on Track Rail and Y-Detent on the transverse | For Analog system Only select: Step 9a 6704993 or No WS Step 11a 6705032 or 6705040 or No Tabel For Digital system must be select: Step 9a 6705214 or No WS Step 11a 6701676 or 6705222 or No Table",Copy of AM3903_M_ Decision Tree of DRX-Compass OTC & FMT.xlsx,DRX-Compass FMT WW,C32,"{""message"": ""Floor Mount Tube Stand,Touch Screen , Z Manual include Z-Detent SID switch and X-Detent on Track Rail and Y-Detent on the transverse | For Analog system Only select: Step 9a 6704993 or No WS Step 11a 6705032 or 6705040 or No Tabel For Digital system must be select: Step 9a 6705214 or No WS Step 11a 6701676 or 6705222 or No Table""}",,note,info,,,
dt_review:0112,decision_tree:0112,note,normalized_candidate,not_implemented,decision_tree_normalized_candidate,DRX-Compass FMT,6704530,Step 3,Must Select Floor Mount Tube Stand (FMT) type,,info,0.45,"Floor Mount Tube Stand,Touch Screen, Z Motorized, includes include Z-Pot continue SID and X-Detent on Track Rail and Y-Detent on the transverse | For Digital system only select: Step 9a 6701585 or 6701593 or 8621765 or 8621773 or No WS Step 11a 6701668 or 6701692 or No Table",Copy of AM3903_M_ Decision Tree of DRX-Compass OTC & FMT.xlsx,DRX-Compass FMT WW,C33,"{""message"": ""Floor Mount Tube Stand,Touch Screen, Z Motorized, includes include Z-Pot continue SID and X-Detent on Track Rail and Y-Detent on the transverse | For Digital system only select: Step 9a 6701585 or 6701593 or 8621765 or 8621773 or No WS Step 11a 6701668 or 6701692 or No Table""}",,note,info,,,
dt_review:0113,decision_tree:0113,note,normalized_candidate,not_implemented,decision_tree_normalized_candidate,DRX-Compass FMT,6704548,Step 3,Must Select Floor Mount Tube Stand (FMT) type,,info,0.45,"Floor Mount Tube Stand,Touch Screen, Z & ALPHA Motorized, includes include Z-Pot continue SID and X-Detent on Track Rail and Y-Detent on the transverse and Alpha motor | For Digital system only be select: Step 9a 6701585 or 6701593 Step 11a 6701668 or 6701692 or No Table",Copy of AM3903_M_ Decision Tree of DRX-Compass OTC & FMT.xlsx,DRX-Compass FMT WW,C34,"{""message"": ""Floor Mount Tube Stand,Touch Screen, Z & ALPHA Motorized, includes include Z-Pot continue SID and X-Detent on Track Rail and Y-Detent on the transverse and Alpha motor | For Digital system only be select: Step 9a 6701585 or 6701593 Step 11a 6701668 or 6701692 or No Table""}",,note,info,,,
dt_review:0114,decision_tree:0114,must_select,normalized_candidate,not_implemented,decision_tree_normalized_candidate,DRX-Compass FMT,,Step 4A,Must Select Longitudinal,,hard_block,0.75,Step 4A | Must Select Longitudinal,Copy of AM3903_M_ Decision Tree of DRX-Compass OTC & FMT.xlsx,DRX-Compass FMT WW,C36,"{""option_group"": ""Must Select Longitudinal"", ""required_selection_text"": ""Step 4A | Must Select Longitudinal"", ""step_id"": ""Step 4A""}",,must_select,hard_block,,,
dt_review:0115,decision_tree:0115,must_select,normalized_candidate,not_implemented,decision_tree_normalized_candidate,DRX-Compass FMT,,Step 4B,Must Select High Tension Cable Bundle,,hard_block,0.75,Step 4B | Must Select High Tension Cable Bundle,Copy of AM3903_M_ Decision Tree of DRX-Compass OTC & FMT.xlsx,DRX-Compass FMT WW,C41,"{""option_group"": ""Must Select High Tension Cable Bundle"", ""required_selection_text"": ""Step 4B | Must Select High Tension Cable Bundle"", ""step_id"": ""Step 4B""}",,must_select,hard_block,,,
dt_review:0116,decision_tree:0116,note,normalized_candidate,not_implemented,decision_tree_normalized_candidate,DRX-Compass FMT,6704944,Step 4B,Must Select High Tension Cable Bundle,,info,0.45,"Compass FMT Cable bundle HV,Rotor,Power,Grounding, E-chain,CANBUS,Ethernet 45ft",Copy of AM3903_M_ Decision Tree of DRX-Compass OTC & FMT.xlsx,DRX-Compass FMT WW,C43,"{""message"": ""Compass FMT Cable bundle HV,Rotor,Power,Grounding, E-chain,CANBUS,Ethernet 45ft""}",,note,info,,,
dt_review:0117,decision_tree:0117,note,normalized_candidate,not_implemented,decision_tree_normalized_candidate,DRX-Compass FMT,6704951,Step 4B,Must Select High Tension Cable Bundle,,info,0.45,"Compass FMT Cable bundle HV,Rotor,Power,Grounding, E-chain,CANBUS,Ethernet - 65 Ft",Copy of AM3903_M_ Decision Tree of DRX-Compass OTC & FMT.xlsx,DRX-Compass FMT WW,C44,"{""message"": ""Compass FMT Cable bundle HV,Rotor,Power,Grounding, E-chain,CANBUS,Ethernet - 65 Ft""}",,note,info,,,
dt_review:0118,decision_tree:0118,note,normalized_candidate,not_implemented,decision_tree_normalized_candidate,DRX-Compass FMT,,Step 4C,Select Factory Install Tubestand Options,,info,0.45,Step 4C | Select Factory Install Tubestand Options,Copy of AM3903_M_ Decision Tree of DRX-Compass OTC & FMT.xlsx,DRX-Compass FMT WW,C46,"{""message"": ""Step 4C | Select Factory Install Tubestand Options""}",,note,info,,,
dt_review:0119,decision_tree:0119,choose_one,normalized_candidate,not_implemented,decision_tree_normalized_candidate,DRX-Compass FMT,,Step 5,Must Select one of the following Collimator Options,,hard_block,0.9,Step 5 | Must Select one of the following Collimator Options,Copy of AM3903_M_ Decision Tree of DRX-Compass OTC & FMT.xlsx,DRX-Compass FMT WW,C50,"{""max"": 1, ""min"": 1, ""option_group"": ""Must Select one of the following Collimator Options"", ""source_text"": ""Step 5 | Must Select one of the following Collimator Options"", ""step_id"": ""Step 5""}",,choose_one,hard_block,,,
dt_review:0120,decision_tree:0120,note,normalized_candidate,not_implemented,decision_tree_normalized_candidate,DRX-Compass FMT,,Step 5A,Select Desired MC150 Collimator Options,,info,0.45,Step 5A | Select Desired MC150 Collimator Options,Copy of AM3903_M_ Decision Tree of DRX-Compass OTC & FMT.xlsx,DRX-Compass FMT WW,C56,"{""message"": ""Step 5A | Select Desired MC150 Collimator Options""}",,note,info,,,
dt_review:0121,decision_tree:0121,note,normalized_candidate,not_implemented,decision_tree_normalized_candidate,DRX-Compass FMT,6705131,Step 5A,Select Desired MC150 Collimator Options,,info,0.45,MC150 Filterwheel Must be factory installed,Copy of AM3903_M_ Decision Tree of DRX-Compass OTC & FMT.xlsx,DRX-Compass FMT WW,C58,"{""message"": ""MC150 Filterwheel Must be factory installed""}",,note,info,,,
dt_review:0122,decision_tree:0122,exclude,normalized_candidate,not_implemented,decision_tree_normalized_candidate,DRX-Compass FMT,6705149,Step 5A,Select Desired MC150 Collimator Options,,hard_block,0.75,"MC150 vS1 Filter Rail, Does not support SoftDAP | Must be selected when GCC Revisiong",Copy of AM3903_M_ Decision Tree of DRX-Compass OTC & FMT.xlsx,DRX-Compass FMT WW,C59,"{""cannot_combine_text"": ""MC150 vS1 Filter Rail, Does not support SoftDAP | Must be selected when GCC Revisiong"", ""product_id"": ""6705149""}",,exclude,hard_block,,,
dt_review:0123,decision_tree:0123,note,normalized_candidate,not_implemented,decision_tree_normalized_candidate,DRX-Compass FMT,6705156,Step 5A,Select Desired MC150 Collimator Options,,info,0.45,MC150 vS1 Blade Feedback for SoftDAP POT Digital DRX Console ONLY | Must be selected when Soft DAP,Copy of AM3903_M_ Decision Tree of DRX-Compass OTC & FMT.xlsx,DRX-Compass FMT WW,C60,"{""message"": ""MC150 vS1 Blade Feedback for SoftDAP POT Digital DRX Console ONLY | Must be selected when Soft DAP""}",,note,info,,,
dt_review:0124,decision_tree:0124,note,normalized_candidate,not_implemented,decision_tree_normalized_candidate,DRX-Compass FMT,,Step 6,Select Detectors to be used,,info,0.45,Step 6 | Select Detectors to be used,Copy of AM3903_M_ Decision Tree of DRX-Compass OTC & FMT.xlsx,DRX-Compass FMT WW,C62,"{""message"": ""Step 6 | Select Detectors to be used""}",,note,info,,,
dt_review:0125,decision_tree:0125,note,normalized_candidate,not_implemented,decision_tree_normalized_candidate,DRX-Compass FMT,8624850,Step 6,Select Detectors to be used,,info,0.45,All system detector must be DRX Plus or Focus HD if selected | Must be stected DRX Bucky,Copy of AM3903_M_ Decision Tree of DRX-Compass OTC & FMT.xlsx,DRX-Compass FMT WW,C64,"{""message"": ""All system detector must be DRX Plus or Focus HD if selected | Must be stected DRX Bucky""}",,note,info,,,
dt_review:0126,decision_tree:0126,note,normalized_candidate,not_implemented,decision_tree_normalized_candidate,DRX-Compass FMT,8624959,Step 6,Select Detectors to be used,,info,0.45,All system detector must be DRX Plus or Focus HD if selected | Must be stected DRX Bucky,Copy of AM3903_M_ Decision Tree of DRX-Compass OTC & FMT.xlsx,DRX-Compass FMT WW,C65,"{""message"": ""All system detector must be DRX Plus or Focus HD if selected | Must be stected DRX Bucky""}",,note,info,,,
dt_review:0127,decision_tree:0127,note,normalized_candidate,not_implemented,decision_tree_normalized_candidate,DRX-Compass FMT,8615205,Step 6,Select Detectors to be used,,info,0.45,All system detector must be DRX Plus or Focus HD if selected | Only for tabletop,Copy of AM3903_M_ Decision Tree of DRX-Compass OTC & FMT.xlsx,DRX-Compass FMT WW,C66,"{""message"": ""All system detector must be DRX Plus or Focus HD if selected | Only for tabletop""}",,note,info,,,
dt_review:0128,decision_tree:0128,note,normalized_candidate,not_implemented,decision_tree_normalized_candidate,DRX-Compass FMT,6701122,Step 6,Select Detectors to be used,,info,0.45,All system detector must be Focus if selected | Must be stected Focus Bucky,Copy of AM3903_M_ Decision Tree of DRX-Compass OTC & FMT.xlsx,DRX-Compass FMT WW,C67,"{""message"": ""All system detector must be Focus if selected | Must be stected Focus Bucky""}",,note,info,,,
dt_review:0129,decision_tree:0129,region_allow,normalized_candidate,not_implemented,decision_tree_normalized_candidate,DRX-Compass FMT,8620148,Step 6,Select Detectors to be used,us,hard_block,0.9,US & C Market Only All system detector must be Focus if selected | Must be stected Focus Bucky,Copy of AM3903_M_ Decision Tree of DRX-Compass OTC & FMT.xlsx,DRX-Compass FMT WW,C68,"{""allowed_regions"": [""us""], ""source_text"": ""US & C Market Only All system detector must be Focus if selected | Must be stected Focus Bucky""}",,region_allow,hard_block,,,
dt_review:0130,decision_tree:0130,note,normalized_candidate,not_implemented,decision_tree_normalized_candidate,DRX-Compass FMT,6702336,Step 6,Select Detectors to be used,,info,0.45,All system detector must be Focus if selected | Must be stected Focus Bucky,Copy of AM3903_M_ Decision Tree of DRX-Compass OTC & FMT.xlsx,DRX-Compass FMT WW,C69,"{""message"": ""All system detector must be Focus if selected | Must be stected Focus Bucky""}",,note,info,,,
dt_review:0131,decision_tree:0131,region_allow,normalized_candidate,not_implemented,decision_tree_normalized_candidate,DRX-Compass FMT,8621278,Step 6,Select Detectors to be used,us,hard_block,0.9,US & C Market Only All system detector must be Focus if selected | Must be stected Focus Bucky,Copy of AM3903_M_ Decision Tree of DRX-Compass OTC & FMT.xlsx,DRX-Compass FMT WW,C70,"{""allowed_regions"": [""us""], ""source_text"": ""US & C Market Only All system detector must be Focus if selected | Must be stected Focus Bucky""}",,region_allow,hard_block,,,
dt_review:0132,decision_tree:0132,note,normalized_candidate,not_implemented,decision_tree_normalized_candidate,DRX-Compass FMT,6705727,Step 6,Select Detectors to be used,,info,0.45,All system detector must be DRX Plus or Focus HD if selected Does not match 44LINE/CM Grids | Must be stected DRX Bucky,Copy of AM3903_M_ Decision Tree of DRX-Compass OTC & FMT.xlsx,DRX-Compass FMT WW,C71,"{""message"": ""All system detector must be DRX Plus or Focus HD if selected Does not match 44LINE/CM Grids | Must be stected DRX Bucky""}",,note,info,,,
dt_review:0133,decision_tree:0133,note,normalized_candidate,not_implemented,decision_tree_normalized_candidate,DRX-Compass FMT,6705735,Step 6,Select Detectors to be used,,info,0.45,All system detector must be DRX Plus or Focus HD if selected Does not match 44LINE/CM Grids | Must be stected DRX Bucky,Copy of AM3903_M_ Decision Tree of DRX-Compass OTC & FMT.xlsx,DRX-Compass FMT WW,C72,"{""message"": ""All system detector must be DRX Plus or Focus HD if selected Does not match 44LINE/CM Grids | Must be stected DRX Bucky""}",,note,info,,,
dt_review:0134,decision_tree:0134,region_allow,normalized_candidate,not_implemented,decision_tree_normalized_candidate,DRX-Compass FMT,8625246,Step 6,Select Detectors to be used,us,hard_block,0.9,US & C Market Only .All system detector must be DRX Plus or Focus HD if selected Does not match 44LINE/CM Grids | Must be stected DRX Bucky,Copy of AM3903_M_ Decision Tree of DRX-Compass OTC & FMT.xlsx,DRX-Compass FMT WW,C73,"{""allowed_regions"": [""us""], ""source_text"": ""US & C Market Only .All system detector must be DRX Plus or Focus HD if selected Does not match 44LINE/CM Grids | Must be stected DRX Bucky""}",,region_allow,hard_block,,,
dt_review:0135,decision_tree:0135,region_allow,normalized_candidate,not_implemented,decision_tree_normalized_candidate,DRX-Compass FMT,8625253,Step 6,Select Detectors to be used,us,hard_block,0.9,US & C Market Only .All system detector must be DRX Plus or Focus HD if selected Does not match 44LINE/CM Grids | Must be stected DRX Bucky,Copy of AM3903_M_ Decision Tree of DRX-Compass OTC & FMT.xlsx,DRX-Compass FMT WW,C74,"{""allowed_regions"": [""us""], ""source_text"": ""US & C Market Only .All system detector must be DRX Plus or Focus HD if selected Does not match 44LINE/CM Grids | Must be stected DRX Bucky""}",,region_allow,hard_block,,,
dt_review:0136,decision_tree:0136,note,normalized_candidate,not_implemented,decision_tree_normalized_candidate,DRX-Compass FMT,8623316,Step 6,Select Detectors to be used,,info,0.45,All system detector must be DRX Plus or Focus HD if selected | Must be stected DRX Bucky,Copy of AM3903_M_ Decision Tree of DRX-Compass OTC & FMT.xlsx,DRX-Compass FMT WW,C75,"{""message"": ""All system detector must be DRX Plus or Focus HD if selected | Must be stected DRX Bucky""}",,note,info,,,
dt_review:0137,decision_tree:0137,choose_one,normalized_candidate,not_implemented,decision_tree_normalized_candidate,DRX-Compass FMT,,Step 7,Select Wireless Access Point (Must Select One),,hard_block,0.9,Step 7 | Select Wireless Access Point (Must Select One),Copy of AM3903_M_ Decision Tree of DRX-Compass OTC & FMT.xlsx,DRX-Compass FMT WW,C78,"{""max"": 1, ""min"": 1, ""option_group"": ""Select Wireless Access Point (Must Select One)"", ""source_text"": ""Step 7 | Select Wireless Access Point (Must Select One)"", ""step_id"": ""Step 7""}",,choose_one,hard_block,,,
dt_review:0138,decision_tree:0138,note,normalized_candidate,not_implemented,decision_tree_normalized_candidate,DRX-Compass FMT,,Step 7,Select Wireless Access Point (Must Select One),,info,0.45,Included in System/Console Price but must be ordered to select type,Copy of AM3903_M_ Decision Tree of DRX-Compass OTC & FMT.xlsx,DRX-Compass FMT WW,C80,"{""message"": ""Included in System/Console Price but must be ordered to select type""}",,note,info,,,
dt_review:0139,decision_tree:0139,note,normalized_candidate,not_implemented,decision_tree_normalized_candidate,DRX-Compass FMT,8625899,Step 7,Select Wireless Access Point (Must Select One),us,info,0.45,US Aruba 1038,Copy of AM3903_M_ Decision Tree of DRX-Compass OTC & FMT.xlsx,DRX-Compass FMT WW,C84,"{""message"": ""US Aruba 1038""}",,note,info,,,
dt_review:0140,decision_tree:0140,note,normalized_candidate,not_implemented,decision_tree_normalized_candidate,DRX-Compass FMT,8625931,Step 7,Select Wireless Access Point (Must Select One),us,info,0.45,US Aruba 1038,Copy of AM3903_M_ Decision Tree of DRX-Compass OTC & FMT.xlsx,DRX-Compass FMT WW,C85,"{""message"": ""US Aruba 1038""}",,note,info,,,
dt_review:0141,decision_tree:0141,note,normalized_candidate,not_implemented,decision_tree_normalized_candidate,DRX-Compass FMT,8625956,Step 7,Select Wireless Access Point (Must Select One),us,info,0.45,US Aruba 1038,Copy of AM3903_M_ Decision Tree of DRX-Compass OTC & FMT.xlsx,DRX-Compass FMT WW,C86,"{""message"": ""US Aruba 1038""}",,note,info,,,
dt_review:0142,decision_tree:0142,note,normalized_candidate,not_implemented,decision_tree_normalized_candidate,DRX-Compass FMT,8625964,Step 7,Select Wireless Access Point (Must Select One),us,info,0.45,US Aruba 1038,Copy of AM3903_M_ Decision Tree of DRX-Compass OTC & FMT.xlsx,DRX-Compass FMT WW,C87,"{""message"": ""US Aruba 1038""}",,note,info,,,
dt_review:0143,decision_tree:0143,note,normalized_candidate,not_implemented,decision_tree_normalized_candidate,DRX-Compass FMT,8622466,Step 7,Select Wireless Access Point (Must Select One),us,info,0.45,US Aruba 1038,Copy of AM3903_M_ Decision Tree of DRX-Compass OTC & FMT.xlsx,DRX-Compass FMT WW,C88,"{""message"": ""US Aruba 1038""}",,note,info,,,
dt_review:0144,decision_tree:0144,choose_one,normalized_candidate,not_implemented,decision_tree_normalized_candidate,DRX-Compass FMT,,Step 8,Must Select one of the following Tube Options,,hard_block,0.9,Step 8 | Must Select one of the following Tube Options,Copy of AM3903_M_ Decision Tree of DRX-Compass OTC & FMT.xlsx,DRX-Compass FMT WW,C92,"{""max"": 1, ""min"": 1, ""option_group"": ""Must Select one of the following Tube Options"", ""source_text"": ""Step 8 | Must Select one of the following Tube Options"", ""step_id"": ""Step 8""}",,choose_one,hard_block,,,
dt_review:0145,decision_tree:0145,note,normalized_candidate,not_implemented,decision_tree_normalized_candidate,DRX-Compass FMT,,Step 9a,"Pick Wallstand Type if desired, If ordered must also order a Wallstand Bucky additionally includes 35ft Cable Bundle",,info,0.45,"Step 9a | Pick Wallstand Type if desired, If ordered must also order a Wallstand Bucky additionally includes 35ft Cable Bundle",Copy of AM3903_M_ Decision Tree of DRX-Compass OTC & FMT.xlsx,DRX-Compass FMT WW,C99,"{""message"": ""Step 9a | Pick Wallstand Type if desired, If ordered must also order a Wallstand Bucky additionally includes 35ft Cable Bundle""}",,note,info,,,
dt_review:0146,decision_tree:0146,require,normalized_candidate,not_implemented,decision_tree_normalized_candidate,DRX-Compass FMT,,Step 9b,Pick Wallstand Bucky Type along with Wallstand as required,,hard_block,0.75,Step 9b | Pick Wallstand Bucky Type along with Wallstand as required,Copy of AM3903_M_ Decision Tree of DRX-Compass OTC & FMT.xlsx,DRX-Compass FMT WW,C108,"{""then"": {""requirement_text"": ""Step 9b | Pick Wallstand Bucky Type along with Wallstand as required""}, ""when"": {""step_id"": ""Step 9b""}}",,require,hard_block,,,
dt_review:0147,decision_tree:0147,note,normalized_candidate,not_implemented,decision_tree_normalized_candidate,DRX-Compass FMT,6701726,Step 9b,Pick Wallstand Bucky Type along with Wallstand as required,,info,0.45,Use Only With Other DRX Detector | Only be selected when use DRX or Focus HD detector,Copy of AM3903_M_ Decision Tree of DRX-Compass OTC & FMT.xlsx,DRX-Compass FMT WW,C110,"{""message"": ""Use Only With Other DRX Detector | Only be selected when use DRX or Focus HD detector""}",,note,info,,,
dt_review:0148,decision_tree:0148,note,normalized_candidate,not_implemented,decision_tree_normalized_candidate,DRX-Compass FMT,8621807,Step 9b,Pick Wallstand Bucky Type along with Wallstand as required,,info,0.45,Use Only With Other DRX Detector | Only be selected when use DRX or Focus HD detector,Copy of AM3903_M_ Decision Tree of DRX-Compass OTC & FMT.xlsx,DRX-Compass FMT WW,C111,"{""message"": ""Use Only With Other DRX Detector | Only be selected when use DRX or Focus HD detector""}",,note,info,,,
dt_review:0149,decision_tree:0149,note,normalized_candidate,not_implemented,decision_tree_normalized_candidate,DRX-Compass FMT,8621906,Step 9b,Pick Wallstand Bucky Type along with Wallstand as required,,info,0.45,Use Only With Other DRX Detector | Only be selected when use DRX or Focus HD detector,Copy of AM3903_M_ Decision Tree of DRX-Compass OTC & FMT.xlsx,DRX-Compass FMT WW,C112,"{""message"": ""Use Only With Other DRX Detector | Only be selected when use DRX or Focus HD detector""}",,note,info,,,
dt_review:0150,decision_tree:0150,note,normalized_candidate,not_implemented,decision_tree_normalized_candidate,DRX-Compass FMT,8621815,Step 9b,Pick Wallstand Bucky Type along with Wallstand as required,,info,0.45,Use Only With Other Focus Detector | Only be selected when use Focus detector,Copy of AM3903_M_ Decision Tree of DRX-Compass OTC & FMT.xlsx,DRX-Compass FMT WW,C113,"{""message"": ""Use Only With Other Focus Detector | Only be selected when use Focus detector""}",,note,info,,,
dt_review:0151,decision_tree:0151,note,normalized_candidate,not_implemented,decision_tree_normalized_candidate,DRX-Compass FMT,8621823,Step 9b,Pick Wallstand Bucky Type along with Wallstand as required,,info,0.45,Use Only With Other Focus Detector | Only be selected when use Focus detector,Copy of AM3903_M_ Decision Tree of DRX-Compass OTC & FMT.xlsx,DRX-Compass FMT WW,C114,"{""message"": ""Use Only With Other Focus Detector | Only be selected when use Focus detector""}",,note,info,,,
dt_review:0152,decision_tree:0152,note,normalized_candidate,not_implemented,decision_tree_normalized_candidate,DRX-Compass FMT,8621831,Step 9b,Pick Wallstand Bucky Type along with Wallstand as required,,info,0.45,Use Only With Other Focus Detector | Only be selected when use Focus detector,Copy of AM3903_M_ Decision Tree of DRX-Compass OTC & FMT.xlsx,DRX-Compass FMT WW,C115,"{""message"": ""Use Only With Other Focus Detector | Only be selected when use Focus detector""}",,note,info,,,
dt_review:0153,decision_tree:0153,note,normalized_candidate,not_implemented,decision_tree_normalized_candidate,DRX-Compass FMT,8621856,Step 9b,Pick Wallstand Bucky Type along with Wallstand as required,,info,0.45,Use Only With Other Focus Detector | Only be selected when use Focus detector,Copy of AM3903_M_ Decision Tree of DRX-Compass OTC & FMT.xlsx,DRX-Compass FMT WW,C116,"{""message"": ""Use Only With Other Focus Detector | Only be selected when use Focus detector""}",,note,info,,,
dt_review:0154,decision_tree:0154,note,normalized_candidate,not_implemented,decision_tree_normalized_candidate,DRX-Compass FMT,8621864,Step 9b,Pick Wallstand Bucky Type along with Wallstand as required,,info,0.45,Use Only With Other Focus Detector | Only be selected when use Focus detector,Copy of AM3903_M_ Decision Tree of DRX-Compass OTC & FMT.xlsx,DRX-Compass FMT WW,C117,"{""message"": ""Use Only With Other Focus Detector | Only be selected when use Focus detector""}",,note,info,,,
dt_review:0155,decision_tree:0155,note,normalized_candidate,not_implemented,decision_tree_normalized_candidate,DRX-Compass FMT,8621872,Step 9b,Pick Wallstand Bucky Type along with Wallstand as required,,info,0.45,Use Only With Other Focus Detector | Only be selected when use Focus detector,Copy of AM3903_M_ Decision Tree of DRX-Compass OTC & FMT.xlsx,DRX-Compass FMT WW,C118,"{""message"": ""Use Only With Other Focus Detector | Only be selected when use Focus detector""}",,note,info,,,
dt_review:0156,decision_tree:0156,note,normalized_candidate,not_implemented,decision_tree_normalized_candidate,DRX-Compass FMT,8621898,Step 9b,Pick Wallstand Bucky Type along with Wallstand as required,,info,0.45,Use Only With Other Focus Detector | Only be selected when use Focus detector,Copy of AM3903_M_ Decision Tree of DRX-Compass OTC & FMT.xlsx,DRX-Compass FMT WW,C119,"{""message"": ""Use Only With Other Focus Detector | Only be selected when use Focus detector""}",,note,info,,,
dt_review:0157,decision_tree:0157,note,normalized_candidate,not_implemented,decision_tree_normalized_candidate,DRX-Compass FMT,6709760,Step 9b,Pick Wallstand Bucky Type along with Wallstand as required,,info,0.45,Use Only With Other DRX Detector | Only be selected when use DRX or Focus HD detector,Copy of AM3903_M_ Decision Tree of DRX-Compass OTC & FMT.xlsx,DRX-Compass FMT WW,C120,"{""message"": ""Use Only With Other DRX Detector | Only be selected when use DRX or Focus HD detector""}",,note,info,,,
dt_review:0158,decision_tree:0158,note,normalized_candidate,not_implemented,decision_tree_normalized_candidate,DRX-Compass FMT,6709778,Step 9b,Pick Wallstand Bucky Type along with Wallstand as required,,info,0.45,Use Only With Other Focus Detector | Only be selected when use Focus detector,Copy of AM3903_M_ Decision Tree of DRX-Compass OTC & FMT.xlsx,DRX-Compass FMT WW,C121,"{""message"": ""Use Only With Other Focus Detector | Only be selected when use Focus detector""}",,note,info,,,
dt_review:0159,decision_tree:0159,require,normalized_candidate,not_implemented,decision_tree_normalized_candidate,DRX-Compass FMT,,Step 9c,If required Select Revise to Wallstand Cable Extension,,hard_block,0.75,Step 9c | If required Select Revise to Wallstand Cable Extension,Copy of AM3903_M_ Decision Tree of DRX-Compass OTC & FMT.xlsx,DRX-Compass FMT WW,C124,"{""then"": {""requirement_text"": ""Step 9c | If required Select Revise to Wallstand Cable Extension""}, ""when"": {""step_id"": ""Step 9c""}}",,require,hard_block,,,
dt_review:0160,decision_tree:0160,note,normalized_candidate,not_implemented,decision_tree_normalized_candidate,DRX-Compass FMT,6705016,Step 9c,If required Select Revise to Wallstand Cable Extension,,info,0.45,"Compass FMT WS Cable bundle30 extension Power, Grounding, E-chain, CANBUS - add to standard 35 ft Extension",Copy of AM3903_M_ Decision Tree of DRX-Compass OTC & FMT.xlsx,DRX-Compass FMT WW,C126,"{""message"": ""Compass FMT WS Cable bundle30 extension Power, Grounding, E-chain, CANBUS - add to standard 35 ft Extension""}",,note,info,,,
dt_review:0161,decision_tree:0161,note,normalized_candidate,not_implemented,decision_tree_normalized_candidate,DRX-Compass FMT,,Step 10,For Systems with a Wallstand: Pick at least ONE Grid to match Detector Used,,info,0.45,Step 10 | For Systems with a Wallstand: Pick at least ONE Grid to match Detector Used,Copy of AM3903_M_ Decision Tree of DRX-Compass OTC & FMT.xlsx,DRX-Compass FMT WW,C128,"{""message"": ""Step 10 | For Systems with a Wallstand: Pick at least ONE Grid to match Detector Used""}",,note,info,,,
dt_review:0162,decision_tree:0162,note,normalized_candidate,not_implemented,decision_tree_normalized_candidate,DRX-Compass FMT,,Step 10,For Systems with a Wallstand: Pick at least ONE Grid to match Detector Used,,info,0.45,(40LPcm = 103 LPI is standard in BMI) (44 l/cm is recommended for Focus Detectors),Copy of AM3903_M_ Decision Tree of DRX-Compass OTC & FMT.xlsx,DRX-Compass FMT WW,C130,"{""message"": ""(40LPcm = 103 LPI is standard in BMI) (44 l/cm is recommended for Focus Detectors)""}",,note,info,,,
dt_review:0163,decision_tree:0163,note,normalized_candidate,not_implemented,decision_tree_normalized_candidate,DRX-Compass FMT,,Step 11a,"Pick Table Type if desired, If ordered must also order a Table Bucky additionally includes 35ft Cable Bundle",,info,0.45,"Step 11a | Pick Table Type if desired, If ordered must also order a Table Bucky additionally includes 35ft Cable Bundle",Copy of AM3903_M_ Decision Tree of DRX-Compass OTC & FMT.xlsx,DRX-Compass FMT WW,C138,"{""message"": ""Step 11a | Pick Table Type if desired, If ordered must also order a Table Bucky additionally includes 35ft Cable Bundle""}",,note,info,,,
dt_review:0164,decision_tree:0164,note,normalized_candidate,not_implemented,decision_tree_normalized_candidate,DRX-Compass FMT,6705222,Step 11a,"Pick Table Type if desired, If ordered must also order a Table Bucky additionally includes 35ft Cable Bundle",,info,0.45,Table QT-750 Digital w/o AT Bucky C/F ONLY sold with Manual Tubestand,Copy of AM3903_M_ Decision Tree of DRX-Compass OTC & FMT.xlsx,DRX-Compass FMT WW,C142,"{""message"": ""Table QT-750 Digital w/o AT Bucky C/F ONLY sold with Manual Tubestand""}",,note,info,,,
dt_review:0165,decision_tree:0165,require,normalized_candidate,not_implemented,decision_tree_normalized_candidate,DRX-Compass FMT,,Step 11b,Pick Table Bucky Type along with Table as required,,hard_block,0.75,Step 11b | Pick Table Bucky Type along with Table as required,Copy of AM3903_M_ Decision Tree of DRX-Compass OTC & FMT.xlsx,DRX-Compass FMT WW,C146,"{""then"": {""requirement_text"": ""Step 11b | Pick Table Bucky Type along with Table as required""}, ""when"": {""step_id"": ""Step 11b""}}",,require,hard_block,,,
dt_review:0166,decision_tree:0166,note,normalized_candidate,not_implemented,decision_tree_normalized_candidate,DRX-Compass FMT,8621922,Step 11b,Pick Table Bucky Type along with Table as required,,info,0.45,DRX Detector Use Only | Only select when use DRX or Focus HD detector,Copy of AM3903_M_ Decision Tree of DRX-Compass OTC & FMT.xlsx,DRX-Compass FMT WW,C148,"{""message"": ""DRX Detector Use Only | Only select when use DRX or Focus HD detector""}",,note,info,,,
dt_review:0167,decision_tree:0167,note,normalized_candidate,not_implemented,decision_tree_normalized_candidate,DRX-Compass FMT,8621971,Step 11b,Pick Table Bucky Type along with Table as required,,info,0.45,DRX Detector Use Only | Only select when use DRX or Focus HD detector,Copy of AM3903_M_ Decision Tree of DRX-Compass OTC & FMT.xlsx,DRX-Compass FMT WW,C149,"{""message"": ""DRX Detector Use Only | Only select when use DRX or Focus HD detector""}",,note,info,,,
dt_review:0168,decision_tree:0168,note,normalized_candidate,not_implemented,decision_tree_normalized_candidate,DRX-Compass FMT,8621930,Step 11b,Pick Table Bucky Type along with Table as required,,info,0.45,Focus Detector Use ONLY | Only select when use Focus detector,Copy of AM3903_M_ Decision Tree of DRX-Compass OTC & FMT.xlsx,DRX-Compass FMT WW,C150,"{""message"": ""Focus Detector Use ONLY | Only select when use Focus detector""}",,note,info,,,
dt_review:0169,decision_tree:0169,note,normalized_candidate,not_implemented,decision_tree_normalized_candidate,DRX-Compass FMT,8621948,Step 11b,Pick Table Bucky Type along with Table as required,,info,0.45,Focus Detector Use ONLY | Only select when use Focus detector,Copy of AM3903_M_ Decision Tree of DRX-Compass OTC & FMT.xlsx,DRX-Compass FMT WW,C151,"{""message"": ""Focus Detector Use ONLY | Only select when use Focus detector""}",,note,info,,,
dt_review:0170,decision_tree:0170,note,normalized_candidate,not_implemented,decision_tree_normalized_candidate,DRX-Compass FMT,8621955,Step 11b,Pick Table Bucky Type along with Table as required,,info,0.45,Focus Detector Use ONLY | Only select when use Focus detector,Copy of AM3903_M_ Decision Tree of DRX-Compass OTC & FMT.xlsx,DRX-Compass FMT WW,C152,"{""message"": ""Focus Detector Use ONLY | Only select when use Focus detector""}",,note,info,,,
dt_review:0171,decision_tree:0171,note,normalized_candidate,not_implemented,decision_tree_normalized_candidate,DRX-Compass FMT,8621963,Step 11b,Pick Table Bucky Type along with Table as required,,info,0.45,Focus Detector Use ONLY | Only select when use Focus detector,Copy of AM3903_M_ Decision Tree of DRX-Compass OTC & FMT.xlsx,DRX-Compass FMT WW,C153,"{""message"": ""Focus Detector Use ONLY | Only select when use Focus detector""}",,note,info,,,
dt_review:0172,decision_tree:0172,note,normalized_candidate,not_implemented,decision_tree_normalized_candidate,DRX-Compass FMT,,Step 11c,Table Options Selectable,,info,0.45,Step 11c | Table Options Selectable,Copy of AM3903_M_ Decision Tree of DRX-Compass OTC & FMT.xlsx,DRX-Compass FMT WW,C155,"{""message"": ""Step 11c | Table Options Selectable""}",,note,info,,,
dt_review:0173,decision_tree:0173,note,normalized_candidate,not_implemented,decision_tree_normalized_candidate,DRX-Compass FMT,6705065,Step 11c,Table Options Selectable,,info,0.45,"Compass Table Cable 30 extension bundle Cable 30 ft Power, Grounding, E-chain, CANBUS - 30 extension to Standard 35 ft cable",Copy of AM3903_M_ Decision Tree of DRX-Compass OTC & FMT.xlsx,DRX-Compass FMT WW,C158,"{""message"": ""Compass Table Cable 30 extension bundle Cable 30 ft Power, Grounding, E-chain, CANBUS - 30 extension to Standard 35 ft cable""}",,note,info,,,
dt_review:0174,decision_tree:0174,note,normalized_candidate,not_implemented,decision_tree_normalized_candidate,DRX-Compass FMT,,Step 12,For Systems with a Table: Pick at least ONE Grid to match Detector Used,,info,0.45,Step 12 | For Systems with a Table: Pick at least ONE Grid to match Detector Used,Copy of AM3903_M_ Decision Tree of DRX-Compass OTC & FMT.xlsx,DRX-Compass FMT WW,C160,"{""message"": ""Step 12 | For Systems with a Table: Pick at least ONE Grid to match Detector Used""}",,note,info,,,
dt_review:0175,decision_tree:0175,note,normalized_candidate,not_implemented,decision_tree_normalized_candidate,DRX-Compass FMT,,Step 12,For Systems with a Table: Pick at least ONE Grid to match Detector Used,,info,0.45,(40LPcm = 103 LPI is standard in BMI) (44 l/cm is recommended for Focus Detectors),Copy of AM3903_M_ Decision Tree of DRX-Compass OTC & FMT.xlsx,DRX-Compass FMT WW,C162,"{""message"": ""(40LPcm = 103 LPI is standard in BMI) (44 l/cm is recommended for Focus Detectors)""}",,note,info,,,
dt_review:0176,decision_tree:0176,require,normalized_candidate,not_implemented,decision_tree_normalized_candidate,DRX-Compass FMT,6576136,Step 13,"Automatic Exposure Control (AEC) option - May be factory installed or on-site after installation, System comes pre-wired for AEC",,hard_block,0.75,Required generator board for 1 or more AEC Chambers in use. | Only select for CGF Generator (Already exsit in the CGN generator),Copy of AM3903_M_ Decision Tree of DRX-Compass OTC & FMT.xlsx,DRX-Compass FMT WW,C172,"{""then"": {""requirement_text"": ""Required generator board for 1 or more AEC Chambers in use. | Only select for CGF Generator (Already exsit in the CGN generator)""}, ""when"": {""product_id"": ""6576136""}}",,require,hard_block,,,
dt_review:0177,decision_tree:0177,note,normalized_candidate,not_implemented,decision_tree_normalized_candidate,DRX-Compass FMT,8622342,Step 14,Field Change Kits and Options- Kits that allow Changes,,info,0.45,Kit for Movement of Focus 43C Tray to Focus 35C Tray,Copy of AM3903_M_ Decision Tree of DRX-Compass OTC & FMT.xlsx,DRX-Compass FMT WW,C178,"{""message"": ""Kit for Movement of Focus 43C Tray to Focus 35C Tray""}",,note,info,,,
dt_review:0178,decision_tree:0178,note,normalized_candidate,not_implemented,decision_tree_normalized_candidate,DRX-Compass FMT,,Step 15a,Software Options for DRX -Plus Detectors,,info,0.45,Step 15a | Software Options for DRX -Plus Detectors,Copy of AM3903_M_ Decision Tree of DRX-Compass OTC & FMT.xlsx,DRX-Compass FMT WW,C182,"{""message"": ""Step 15a | Software Options for DRX -Plus Detectors""}",,note,info,,,
dt_review:0179,decision_tree:0179,note,normalized_candidate,not_implemented,decision_tree_normalized_candidate,DRX-Compass FMT,8622821,Step 15a,Software Options for DRX -Plus Detectors,,info,0.45,Availability Varies by Region & Detector Selection,Copy of AM3903_M_ Decision Tree of DRX-Compass OTC & FMT.xlsx,DRX-Compass FMT WW,C184,"{""message"": ""Availability Varies by Region & Detector Selection""}",,note,info,,,
dt_review:0180,decision_tree:0180,note,normalized_candidate,not_implemented,decision_tree_normalized_candidate,DRX-Compass FMT,8622912,Step 15a,Software Options for DRX -Plus Detectors,,info,0.45,8622912 | EVP PLUS FOR DRX-C/F,Copy of AM3903_M_ Decision Tree of DRX-Compass OTC & FMT.xlsx,DRX-Compass FMT WW,C189,"{""message"": ""8622912 | EVP PLUS FOR DRX-C/F""}",,note,info,,,
dt_review:0181,decision_tree:0181,require,normalized_candidate,not_implemented,decision_tree_normalized_candidate,DRX-Compass FMT,8622946,Step 15a,Software Options for DRX -Plus Detectors,,hard_block,0.75,Requires Motorized Alpha Rotation and Automatic collimator,Copy of AM3903_M_ Decision Tree of DRX-Compass OTC & FMT.xlsx,DRX-Compass FMT WW,C192,"{""then"": {""requirement_text"": ""Requires Motorized Alpha Rotation and Automatic collimator""}, ""when"": {""product_id"": ""8622946""}}",,require,hard_block,,,
dt_review:0182,decision_tree:0182,region_allow,normalized_candidate,not_implemented,decision_tree_normalized_candidate,DRX-Compass FMT,6703839,Step 15a,Software Options for DRX -Plus Detectors,china,hard_block,0.9,China ONLY at launch,Copy of AM3903_M_ Decision Tree of DRX-Compass OTC & FMT.xlsx,DRX-Compass FMT WW,C199,"{""allowed_regions"": [""china""], ""source_text"": ""China ONLY at launch""}",,region_allow,hard_block,,,
dt_review:0183,decision_tree:0183,require,normalized_candidate,not_implemented,decision_tree_normalized_candidate,DRX-Compass FMT,8623050,Step 15a,Software Options for DRX -Plus Detectors,,hard_block,0.75,Requires AutoCollimator and MC150 with Blade Feedback,Copy of AM3903_M_ Decision Tree of DRX-Compass OTC & FMT.xlsx,DRX-Compass FMT WW,C200,"{""then"": {""requirement_text"": ""Requires AutoCollimator and MC150 with Blade Feedback""}, ""when"": {""product_id"": ""8623050""}}",,require,hard_block,,,
dt_review:0184,decision_tree:0184,note,normalized_candidate,not_implemented,decision_tree_normalized_candidate,DRX-Compass FMT,8623118,Step 15a,Software Options for DRX -Plus Detectors,,info,0.45,8623118 | DR TQT ADDL SW ONLY FOR DRX-C/F,Copy of AM3903_M_ Decision Tree of DRX-Compass OTC & FMT.xlsx,DRX-Compass FMT WW,C205,"{""message"": ""8623118 | DR TQT ADDL SW ONLY FOR DRX-C/F""}",,note,info,,,
dt_review:0185,decision_tree:0185,note,normalized_candidate,not_implemented,decision_tree_normalized_candidate,DRX-Compass FMT,,Step 15b,Software Options for Focus Detectors & Focus HD Detector,,info,0.45,Step 15b | Software Options for Focus Detectors & Focus HD Detector,Copy of AM3903_M_ Decision Tree of DRX-Compass OTC & FMT.xlsx,DRX-Compass FMT WW,C207,"{""message"": ""Step 15b | Software Options for Focus Detectors & Focus HD Detector""}",,note,info,,,
dt_review:0186,decision_tree:0186,note,normalized_candidate,not_implemented,decision_tree_normalized_candidate,DRX-Compass FMT,8622862,Step 15b,Software Options for Focus Detectors & Focus HD Detector,us,info,0.45,Availability Varies by Region Currently Yes (OUS & C ) NO US & C,Copy of AM3903_M_ Decision Tree of DRX-Compass OTC & FMT.xlsx,DRX-Compass FMT WW,C211,"{""message"": ""Availability Varies by Region Currently Yes (OUS & C ) NO US & C""}",,note,info,,,
dt_review:0187,decision_tree:0187,note,normalized_candidate,not_implemented,decision_tree_normalized_candidate,DRX-Compass FMT,8622912,Step 15b,Software Options for Focus Detectors & Focus HD Detector,,info,0.45,8622912 | EVP PLUS FOR DRX-C/F,Copy of AM3903_M_ Decision Tree of DRX-Compass OTC & FMT.xlsx,DRX-Compass FMT WW,C213,"{""message"": ""8622912 | EVP PLUS FOR DRX-C/F""}",,note,info,,,
dt_review:0188,decision_tree:0188,require,normalized_candidate,not_implemented,decision_tree_normalized_candidate,DRX-Compass FMT,8622946,Step 15b,Software Options for Focus Detectors & Focus HD Detector,,hard_block,0.75,Requires Motorized Alpha Rotation and Automatic collimator,Copy of AM3903_M_ Decision Tree of DRX-Compass OTC & FMT.xlsx,DRX-Compass FMT WW,C216,"{""then"": {""requirement_text"": ""Requires Motorized Alpha Rotation and Automatic collimator""}, ""when"": {""product_id"": ""8622946""}}",,require,hard_block,,,
dt_review:0189,decision_tree:0189,note,normalized_candidate,not_implemented,decision_tree_normalized_candidate,DRX-Compass FMT,8622987,Step 15b,Software Options for Focus Detectors & Focus HD Detector,us,info,0.45,Availability Varies by Region Currently Yes (OUS & C ) NO US & C,Copy of AM3903_M_ Decision Tree of DRX-Compass OTC & FMT.xlsx,DRX-Compass FMT WW,C218,"{""message"": ""Availability Varies by Region Currently Yes (OUS & C ) NO US & C""}",,note,info,,,
dt_review:0190,decision_tree:0190,note,normalized_candidate,not_implemented,decision_tree_normalized_candidate,DRX-Compass FMT,8622995,Step 15b,Software Options for Focus Detectors & Focus HD Detector,us,info,0.45,Availability Varies by Region Currently Yes (OUS & C ) NO US & C,Copy of AM3903_M_ Decision Tree of DRX-Compass OTC & FMT.xlsx,DRX-Compass FMT WW,C219,"{""message"": ""Availability Varies by Region Currently Yes (OUS & C ) NO US & C""}",,note,info,,,
dt_review:0191,decision_tree:0191,note,normalized_candidate,not_implemented,decision_tree_normalized_candidate,DRX-Compass FMT,8623035,Step 15b,Software Options for Focus Detectors & Focus HD Detector,us,info,0.45,Availability Varies by Region Currently Yes (OUS & C ) NO US & C,Copy of AM3903_M_ Decision Tree of DRX-Compass OTC & FMT.xlsx,DRX-Compass FMT WW,C222,"{""message"": ""Availability Varies by Region Currently Yes (OUS & C ) NO US & C""}",,note,info,,,
dt_review:0192,decision_tree:0192,region_allow,normalized_candidate,not_implemented,decision_tree_normalized_candidate,DRX-Compass FMT,6703839,Step 15b,Software Options for Focus Detectors & Focus HD Detector,china,hard_block,0.9,China ONLY at launch,Copy of AM3903_M_ Decision Tree of DRX-Compass OTC & FMT.xlsx,DRX-Compass FMT WW,C223,"{""allowed_regions"": [""china""], ""source_text"": ""China ONLY at launch""}",,region_allow,hard_block,,,
dt_review:0193,decision_tree:0193,require,normalized_candidate,not_implemented,decision_tree_normalized_candidate,DRX-Compass FMT,8623050,Step 15b,Software Options for Focus Detectors & Focus HD Detector,,hard_block,0.75,Requires AutoCollimator and MC150 with Blade Feedback,Copy of AM3903_M_ Decision Tree of DRX-Compass OTC & FMT.xlsx,DRX-Compass FMT WW,C224,"{""then"": {""requirement_text"": ""Requires AutoCollimator and MC150 with Blade Feedback""}, ""when"": {""product_id"": ""8623050""}}",,require,hard_block,,,
dt_review:0194,decision_tree:0194,note,normalized_candidate,not_implemented,decision_tree_normalized_candidate,DRX-Compass FMT,8623076,Step 15b,Software Options for Focus Detectors & Focus HD Detector,us,info,0.45,Availability Varies by Region Currently Yes (OUS & C ) NO US & C,Copy of AM3903_M_ Decision Tree of DRX-Compass OTC & FMT.xlsx,DRX-Compass FMT WW,C225,"{""message"": ""Availability Varies by Region Currently Yes (OUS & C ) NO US & C""}",,note,info,,,
dt_review:0195,decision_tree:0195,note,normalized_candidate,not_implemented,decision_tree_normalized_candidate,DRX-Compass FMT,8623084,Step 15b,Software Options for Focus Detectors & Focus HD Detector,us,info,0.45,Availability Varies by Region Currently Yes (OUS & C ) NO US & C,Copy of AM3903_M_ Decision Tree of DRX-Compass OTC & FMT.xlsx,DRX-Compass FMT WW,C227,"{""message"": ""Availability Varies by Region Currently Yes (OUS & C ) NO US & C""}",,note,info,,,
dt_review:0196,decision_tree:0196,note,normalized_candidate,not_implemented,decision_tree_normalized_candidate,DRX-Compass FMT,,Step 16,Pick any of the following accessories for a DRX-Compass System,,info,0.45,Step 16 | Pick any of the following accessories for a DRX-Compass System,Copy of AM3903_M_ Decision Tree of DRX-Compass OTC & FMT.xlsx,DRX-Compass FMT WW,C229,"{""message"": ""Step 16 | Pick any of the following accessories for a DRX-Compass System""}",,note,info,,,
dt_review:0197,decision_tree:0197,note,normalized_candidate,not_implemented,decision_tree_normalized_candidate,DRX-Compass FMT,8622102,Step 16,Pick any of the following accessories for a DRX-Compass System,,info,0.45,For Manual Collimator / Not Auto Collimator has an internal Filter wheel | Must be selected when GCC Revisiong,Copy of AM3903_M_ Decision Tree of DRX-Compass OTC & FMT.xlsx,DRX-Compass FMT WW,C231,"{""message"": ""For Manual Collimator / Not Auto Collimator has an internal Filter wheel | Must be selected when GCC Revisiong""}",,note,info,,,
dt_review:0198,decision_tree:0198,note,normalized_candidate,not_implemented,decision_tree_normalized_candidate,DRX-Compass FMT,8622110,Step 16,Pick any of the following accessories for a DRX-Compass System,,info,0.45,For Manual Collimator / Not Auto Collimator has an internal Filter wheel | Must be selected when GCC Revisiong,Copy of AM3903_M_ Decision Tree of DRX-Compass OTC & FMT.xlsx,DRX-Compass FMT WW,C232,"{""message"": ""For Manual Collimator / Not Auto Collimator has an internal Filter wheel | Must be selected when GCC Revisiong""}",,note,info,,,
dt_review:0199,decision_tree:0199,note,normalized_candidate,not_implemented,decision_tree_normalized_candidate,DRX-Compass FMT,8615460,Step 16,Pick any of the following accessories for a DRX-Compass System,,info,0.45,Only for DRX detector,Copy of AM3903_M_ Decision Tree of DRX-Compass OTC & FMT.xlsx,DRX-Compass FMT WW,C237,"{""message"": ""Only for DRX detector""}",,note,info,,,
dt_review:0200,decision_tree:0200,note,normalized_candidate,not_implemented,decision_tree_normalized_candidate,DRX-Compass FMT,8618183,Step 16,Pick any of the following accessories for a DRX-Compass System,,info,0.45,Only for DRX detector,Copy of AM3903_M_ Decision Tree of DRX-Compass OTC & FMT.xlsx,DRX-Compass FMT WW,C238,"{""message"": ""Only for DRX detector""}",,note,info,,,
dt_review:0201,decision_tree:0201,note,normalized_candidate,not_implemented,decision_tree_normalized_candidate,DRX-Compass FMT,6701155,Step 16,Pick any of the following accessories for a DRX-Compass System,,info,0.45,For Focus and Focus HD detector,Copy of AM3903_M_ Decision Tree of DRX-Compass OTC & FMT.xlsx,DRX-Compass FMT WW,C239,"{""message"": ""For Focus and Focus HD detector""}",,note,info,,,
dt_review:0202,decision_tree:0202,note,normalized_candidate,not_implemented,decision_tree_normalized_candidate,DRX-Compass FMT,6701148,Step 16,Pick any of the following accessories for a DRX-Compass System,,info,0.45,Only for Focus detector,Copy of AM3903_M_ Decision Tree of DRX-Compass OTC & FMT.xlsx,DRX-Compass FMT WW,C240,"{""message"": ""Only for Focus detector""}",,note,info,,,
dt_review:0203,decision_tree:0203,note,normalized_candidate,not_implemented,decision_tree_normalized_candidate,DRX-Compass FMT,6705859,Step 16,Pick any of the following accessories for a DRX-Compass System,,info,0.45,Only for Focus HD detector,Copy of AM3903_M_ Decision Tree of DRX-Compass OTC & FMT.xlsx,DRX-Compass FMT WW,C241,"{""message"": ""Only for Focus HD detector""}",,note,info,,,
dt_review:0204,decision_tree:0204,require,normalized_candidate,not_implemented,decision_tree_normalized_candidate,DRX-Compass FMT,8622177,Step 16,Pick any of the following accessories for a DRX-Compass System,,hard_block,0.75,for 740 or 750 Table - requires Motorized x-y and alpha,Copy of AM3903_M_ Decision Tree of DRX-Compass OTC & FMT.xlsx,DRX-Compass FMT WW,C245,"{""then"": {""requirement_text"": ""for 740 or 750 Table - requires Motorized x-y and alpha""}, ""when"": {""product_id"": ""8622177""}}",,require,hard_block,,,
dt_review:0205,decision_tree:0205,note,normalized_candidate,not_implemented,decision_tree_normalized_candidate,DRX-Compass FMT,,Step 17,Smart Room: Choose 17a or 17b,,info,0.45,Step 17 | Smart Room: Choose 17a or 17b,Copy of AM3903_M_ Decision Tree of DRX-Compass OTC & FMT.xlsx,DRX-Compass FMT WW,C259,"{""message"": ""Step 17 | Smart Room: Choose 17a or 17b""}",,note,info,,,
dt_review:0206,decision_tree:0206,note,normalized_candidate,not_implemented,decision_tree_normalized_candidate,DRX-Compass FMT,,Step 17a,Smart Room Assist,,info,0.45,Step 17a | Smart Room Assist | System Config Limitation: - Both OTC & FMT digital (no support analog version) - For all OTC - Tube stand motorized 6704530 or 6704548 - FMT Floor Rail SID Feedback Kit 6705180 - Table with AT 6701668 or 6701692 - No table support - Must auto collimation 6701577 - Wall stand motorized must 6701585 or 6701593 - AEC must 6704506,Copy of AM3903_M_ Decision Tree of DRX-Compass OTC & FMT.xlsx,DRX-Compass FMT WW,C261,"{""message"": ""Step 17a | Smart Room Assist | System Config Limitation: - Both OTC & FMT digital (no support analog version) - For all OTC - Tube stand motorized 6704530 or 6704548 - FMT Floor Rail SID Feedback Kit 6705180 - Table with AT 6701668 or 6701692 - No table support - Must auto collimation 6701577 - Wall stand motorized must 6701585 or 6701593 - AEC must 6704506""}",,note,info,,,
dt_review:0207,decision_tree:0207,note,normalized_candidate,not_implemented,decision_tree_normalized_candidate,DRX-Compass FMT,8626756,Step 17a,Smart Room Assist,us,info,0.45,WW ex US&C,Copy of AM3903_M_ Decision Tree of DRX-Compass OTC & FMT.xlsx,DRX-Compass FMT WW,C262,"{""message"": ""WW ex US&C""}",,note,info,,,
dt_review:0208,decision_tree:0208,note,normalized_candidate,not_implemented,decision_tree_normalized_candidate,DRX-Compass FMT,8626780,Step 17a,Smart Room Assist,us,info,0.45,WW ex US&C,Copy of AM3903_M_ Decision Tree of DRX-Compass OTC & FMT.xlsx,DRX-Compass FMT WW,C263,"{""message"": ""WW ex US&C""}",,note,info,,,
dt_review:0209,decision_tree:0209,note,normalized_candidate,not_implemented,decision_tree_normalized_candidate,DRX-Compass FMT,6704845,Step 17a,Smart Room Assist,us,info,0.45,WW ex US&C,Copy of AM3903_M_ Decision Tree of DRX-Compass OTC & FMT.xlsx,DRX-Compass FMT WW,C264,"{""message"": ""WW ex US&C""}",,note,info,,,
dt_review:0210,decision_tree:0210,note,normalized_candidate,not_implemented,decision_tree_normalized_candidate,DRX-Compass FMT,6708697,Step 17a,Smart Room Assist,us,info,0.45,SW Licence Kit， WW ex US&C,Copy of AM3903_M_ Decision Tree of DRX-Compass OTC & FMT.xlsx,DRX-Compass FMT WW,C265,"{""message"": ""SW Licence Kit， WW ex US&C""}",,note,info,,,
dt_review:0211,decision_tree:0211,note,normalized_candidate,not_implemented,decision_tree_normalized_candidate,DRX-Compass FMT,6708705,Step 17a,Smart Room Assist,us,info,0.45,"SW Licence Kit， WW ex EU,US&C",Copy of AM3903_M_ Decision Tree of DRX-Compass OTC & FMT.xlsx,DRX-Compass FMT WW,C266,"{""message"": ""SW Licence Kit， WW ex EU,US&C""}",,note,info,,,
dt_review:0212,decision_tree:0212,note,normalized_candidate,not_implemented,decision_tree_normalized_candidate,DRX-Compass FMT,8627465,Step 17a,Smart Room Assist,us,info,0.45,"SW Licence Kit， WW ex EU,US&C",Copy of AM3903_M_ Decision Tree of DRX-Compass OTC & FMT.xlsx,DRX-Compass FMT WW,C267,"{""message"": ""SW Licence Kit， WW ex EU,US&C""}",,note,info,,,
dt_review:0213,decision_tree:0213,region_allow,normalized_candidate,not_implemented,decision_tree_normalized_candidate,DRX-Compass FMT,8627200,Step 17a,Smart Room Assist,us,hard_block,0.9,US&C Only,Copy of AM3903_M_ Decision Tree of DRX-Compass OTC & FMT.xlsx,DRX-Compass FMT WW,C268,"{""allowed_regions"": [""us""], ""source_text"": ""US&C Only""}",,region_allow,hard_block,,,
dt_review:0214,decision_tree:0214,note,normalized_candidate,not_implemented,decision_tree_normalized_candidate,DRX-Compass FMT,,Step 17b,Smart Room,,info,0.45,Step 17b | Smart Room | System Config Limitation: - Both OTC & FMT digital (no support analog version) - For all OTC - Tube stand motorized 6704530 or 6704548 - FMT Floor Rail SID Feedback Kit 6705180 - Table with AT 6701668 or 6701692 - No table support - Must auto collimation 6701577 - Wall stand motorized must 6701585 or 6701593 - AEC must 6704506 - Enhanced PC must 8624041,Copy of AM3903_M_ Decision Tree of DRX-Compass OTC & FMT.xlsx,DRX-Compass FMT WW,C270,"{""message"": ""Step 17b | Smart Room | System Config Limitation: - Both OTC & FMT digital (no support analog version) - For all OTC - Tube stand motorized 6704530 or 6704548 - FMT Floor Rail SID Feedback Kit 6705180 - Table with AT 6701668 or 6701692 - No table support - Must auto collimation 6701577 - Wall stand motorized must 6701585 or 6701593 - AEC must 6704506 - Enhanced PC must 8624041""}",,note,info,,,
dt_review:0215,decision_tree:0215,note,normalized_candidate,not_implemented,decision_tree_normalized_candidate,DRX-Compass FMT,8626756,Step 17b,Smart Room,us,info,0.45,WW ex US&C,Copy of AM3903_M_ Decision Tree of DRX-Compass OTC & FMT.xlsx,DRX-Compass FMT WW,C271,"{""message"": ""WW ex US&C""}",,note,info,,,
dt_review:0216,decision_tree:0216,note,normalized_candidate,not_implemented,decision_tree_normalized_candidate,DRX-Compass FMT,8626780,Step 17b,Smart Room,us,info,0.45,WW ex US&C,Copy of AM3903_M_ Decision Tree of DRX-Compass OTC & FMT.xlsx,DRX-Compass FMT WW,C272,"{""message"": ""WW ex US&C""}",,note,info,,,
dt_review:0217,decision_tree:0217,note,normalized_candidate,not_implemented,decision_tree_normalized_candidate,DRX-Compass FMT,6704845,Step 17b,Smart Room,us,info,0.45,WW ex US&C,Copy of AM3903_M_ Decision Tree of DRX-Compass OTC & FMT.xlsx,DRX-Compass FMT WW,C273,"{""message"": ""WW ex US&C""}",,note,info,,,
dt_review:0218,decision_tree:0218,note,normalized_candidate,not_implemented,decision_tree_normalized_candidate,DRX-Compass FMT,8626764,Step 17b,Smart Room,us,info,0.45,WW ex US&C,Copy of AM3903_M_ Decision Tree of DRX-Compass OTC & FMT.xlsx,DRX-Compass FMT WW,C274,"{""message"": ""WW ex US&C""}",,note,info,,,
dt_review:0219,decision_tree:0219,note,normalized_candidate,not_implemented,decision_tree_normalized_candidate,DRX-Compass FMT,6704407,Step 17b,Smart Room,us,info,0.45,"SW Licence Kit, WW ex US&C",Copy of AM3903_M_ Decision Tree of DRX-Compass OTC & FMT.xlsx,DRX-Compass FMT WW,C275,"{""message"": ""SW Licence Kit, WW ex US&C""}",,note,info,,,
dt_review:0220,decision_tree:0220,note,normalized_candidate,not_implemented,decision_tree_normalized_candidate,DRX-Compass FMT,6708705,Step 17b,Smart Room,us,info,0.45,"SW Licence Kit， WW ex EU,US&C",Copy of AM3903_M_ Decision Tree of DRX-Compass OTC & FMT.xlsx,DRX-Compass FMT WW,C276,"{""message"": ""SW Licence Kit， WW ex EU,US&C""}",,note,info,,,
dt_review:0221,decision_tree:0221,note,normalized_candidate,not_implemented,decision_tree_normalized_candidate,DRX-Compass FMT,8627465,Step 17b,Smart Room,us,info,0.45,"SW Licence Kit， WW ex EU,US&C",Copy of AM3903_M_ Decision Tree of DRX-Compass OTC & FMT.xlsx,DRX-Compass FMT WW,C277,"{""message"": ""SW Licence Kit， WW ex EU,US&C""}",,note,info,,,
dt_review:0222,decision_tree:0222,region_allow,normalized_candidate,not_implemented,decision_tree_normalized_candidate,DRX-Compass FMT,8627184,Step 17b,Smart Room,us,hard_block,0.9,US&C Only,Copy of AM3903_M_ Decision Tree of DRX-Compass OTC & FMT.xlsx,DRX-Compass FMT WW,C278,"{""allowed_regions"": [""us""], ""source_text"": ""US&C Only""}",,region_allow,hard_block,,,
dt_review:0223,decision_tree:0223,note,normalized_candidate,not_implemented,decision_tree_normalized_candidate,DRX-Compass FMT,,Step 18,SNC,,info,0.45,Step 18 | SNC | System Config Limitation: - Enhanced PC must 8624041 - Both OTC & FMT digital (no support analog version) - DRX plus and Lux only,Copy of AM3903_M_ Decision Tree of DRX-Compass OTC & FMT.xlsx,DRX-Compass FMT WW,C281,"{""message"": ""Step 18 | SNC | System Config Limitation: - Enhanced PC must 8624041 - Both OTC & FMT digital (no support analog version) - DRX plus and Lux only""}",,note,info,,,
dt_review:0224,decision_tree:0224,region_allow,normalized_candidate,not_implemented,decision_tree_normalized_candidate,DRX-Compass FMT,6703839,Step 19,Other Option,china,hard_block,0.9,6703839 | OCCUP DISEASE SCREENING FOR DRX-C/F (China only),Copy of AM3903_M_ Decision Tree of DRX-Compass OTC & FMT.xlsx,DRX-Compass FMT WW,C289,"{""allowed_regions"": [""china""], ""source_text"": ""6703839 | OCCUP DISEASE SCREENING FOR DRX-C/F (China only)""}",,region_allow,hard_block,,,
dt_review:0225,decision_tree:0225,note,normalized_candidate,not_implemented,decision_tree_normalized_candidate,DRX-Compass FMT,8623860,Step 19,Other Option,,info,0.45,"Phase out from Compass only after Compass 2023 launch, Still used for Evo",Copy of AM3903_M_ Decision Tree of DRX-Compass OTC & FMT.xlsx,DRX-Compass FMT WW,C290,"{""message"": ""Phase out from Compass only after Compass 2023 launch, Still used for Evo""}",,note,info,,,
dt_review:0226,decision_tree:0226,note,normalized_candidate,not_implemented,decision_tree_normalized_candidate,DRX-Compass FMT,8623886,Step 19,Other Option,,info,0.45,"Phase out from Compass only after Compass 2023 launch, Still used for Evo",Copy of AM3903_M_ Decision Tree of DRX-Compass OTC & FMT.xlsx,DRX-Compass FMT WW,C291,"{""message"": ""Phase out from Compass only after Compass 2023 launch, Still used for Evo""}",,note,info,,,
dt_review:0227,decision_tree:0227,note,normalized_candidate,not_implemented,decision_tree_normalized_candidate,DRX-Compass OTC,8621617,Step 1a,Pick one DRX-Compass Proper System & Branding,,info,0.45,Select proper system hub base system based upon Generator power requirements Includes: -DRX Console - Compass Includes Monitor 23 inch & Computer -PDU for input power 380-480 VAC -Detector Calibration kit with Phantom,Copy of AM3903_M_ Decision Tree of DRX-Compass OTC & FMT.xlsx,DRX-Compass OTC WW,B10,"{""message"": ""Select proper system hub base system based upon Generator power requirements Includes: -DRX Console - Compass Includes Monitor 23 inch & Computer -PDU for input power 380-480 VAC -Detector Calibration kit with Phantom""}",,note,info,,,
dt_review:0228,decision_tree:0228,note,normalized_candidate,not_implemented,decision_tree_normalized_candidate,DRX-Compass OTC,8622359,Step 1a,Pick one DRX-Compass Proper System & Branding,,info,0.45,Select proper system Hub base system based upon Generator power requirements Includes: -DRX Console - Compass Includes Monitor 23 inch & Computer -PDU for input power 208-240 VAC -Detector Calibration kit with Phantom,Copy of AM3903_M_ Decision Tree of DRX-Compass OTC & FMT.xlsx,DRX-Compass OTC WW,B11,"{""message"": ""Select proper system Hub base system based upon Generator power requirements Includes: -DRX Console - Compass Includes Monitor 23 inch & Computer -PDU for input power 208-240 VAC -Detector Calibration kit with Phantom""}",,note,info,,,
dt_review:0229,decision_tree:0229,note,normalized_candidate,not_implemented,decision_tree_normalized_candidate,DRX-Compass OTC,8624769,Step 1a,Pick one DRX-Compass Proper System & Branding,us,info,0.45,Note: this is a single cat# complete System defined for Seismic Certification. OTC 80 kW 400kHU 3P380 Autocol tilt US C/F OSHPD With Auto Exposure Control (AEC). It supports a digital flat panel using our latest imageview software. The system is configured with a 80 kW Generator accepting three(3) Phase 380-480 VAC incoming current and a 400 kHU tube. Includes a Lateral arm support. Bucky and Grids ordered separately. OSHPD approved configuration,Copy of AM3903_M_ Decision Tree of DRX-Compass OTC & FMT.xlsx,DRX-Compass OTC WW,B12,"{""message"": ""Note: this is a single cat# complete System defined for Seismic Certification. OTC 80 kW 400kHU 3P380 Autocol tilt US C/F OSHPD With Auto Exposure Control (AEC). It supports a digital flat panel using our latest imageview software. The system is configured with a 80 kW Generator accepting three(3) Phase 380-480 VAC incoming current and a 400 kHU tube. Includes a Lateral arm support. Bucky and Grids ordered separately. OSHPD approved configuration""}",,note,info,,,
dt_review:0230,decision_tree:0230,region_allow,normalized_candidate,not_implemented,decision_tree_normalized_candidate,DRX-Compass OTC,6703656,Step 1b,Select Branding Kit - US Region Only,us,hard_block,0.9,Fit Branding Kits are for Dealer Only and always include with Parts Warranty Only Systems Currently US & C Only,Copy of AM3903_M_ Decision Tree of DRX-Compass OTC & FMT.xlsx,DRX-Compass OTC WW,B16,"{""allowed_regions"": [""us""], ""source_text"": ""Fit Branding Kits are for Dealer Only and always include with Parts Warranty Only Systems Currently US & C Only""}",,region_allow,hard_block,,,
dt_review:0231,decision_tree:0231,region_allow,normalized_candidate,not_implemented,decision_tree_normalized_candidate,DRX-Compass OTC,6703664,Step 1b,Select Branding Kit - US Region Only,us,hard_block,0.9,Fit Branding Kits are for Dealer Only and always include with Parts Warranty Only Systems Currently US & C Only,Copy of AM3903_M_ Decision Tree of DRX-Compass OTC & FMT.xlsx,DRX-Compass OTC WW,B17,"{""allowed_regions"": [""us""], ""source_text"": ""Fit Branding Kits are for Dealer Only and always include with Parts Warranty Only Systems Currently US & C Only""}",,region_allow,hard_block,,,
dt_review:0232,decision_tree:0232,note,normalized_candidate,not_implemented,decision_tree_normalized_candidate,DRX-Compass OTC,6703698,Step 1b,Select Branding Kit - US Region Only,,info,0.45,Compass Branding Kits are for Direct or Dealer Systems and may include either Full I & W OR Parts Warranty Only,Copy of AM3903_M_ Decision Tree of DRX-Compass OTC & FMT.xlsx,DRX-Compass OTC WW,B19,"{""message"": ""Compass Branding Kits are for Direct or Dealer Systems and may include either Full I & W OR Parts Warranty Only""}",,note,info,,,
dt_review:0233,decision_tree:0233,region_allow,normalized_candidate,not_implemented,decision_tree_normalized_candidate,DRX-Compass OTC,6705289,Step 1b,Select Branding Kit - US Region Only,us,hard_block,0.9,Fit Branding Kits are for Dealer Only and always include with Parts Warranty Only Systems Currently US & C Only,Copy of AM3903_M_ Decision Tree of DRX-Compass OTC & FMT.xlsx,DRX-Compass OTC WW,B20,"{""allowed_regions"": [""us""], ""source_text"": ""Fit Branding Kits are for Dealer Only and always include with Parts Warranty Only Systems Currently US & C Only""}",,region_allow,hard_block,,,
dt_review:0234,decision_tree:0234,note,normalized_candidate,not_implemented,decision_tree_normalized_candidate,DRX-Compass OTC,6705297,Step 1b,Select Branding Kit - US Region Only,,info,0.45,Compass Branding Kits are for Direct or Dealer Systems and may include either Full I & W OR Parts Warranty Only,Copy of AM3903_M_ Decision Tree of DRX-Compass OTC & FMT.xlsx,DRX-Compass OTC WW,B21,"{""message"": ""Compass Branding Kits are for Direct or Dealer Systems and may include either Full I & W OR Parts Warranty Only""}",,note,info,,,
dt_review:0235,decision_tree:0235,region_allow,normalized_candidate,not_implemented,decision_tree_normalized_candidate,DRX-Compass OTC,6705321,Step 1b,Select Branding Kit - US Region Only,us,hard_block,0.9,Fit Branding Kits are for Dealer Only and always include with Parts Warranty Only Systems Currently US & C Only,Copy of AM3903_M_ Decision Tree of DRX-Compass OTC & FMT.xlsx,DRX-Compass OTC WW,B22,"{""allowed_regions"": [""us""], ""source_text"": ""Fit Branding Kits are for Dealer Only and always include with Parts Warranty Only Systems Currently US & C Only""}",,region_allow,hard_block,,,
dt_review:0236,decision_tree:0236,note,normalized_candidate,not_implemented,decision_tree_normalized_candidate,DRX-Compass OTC,6705339,Step 1b,Select Branding Kit - US Region Only,,info,0.45,Compass Branding Kits are for Direct or Dealer Systems and may include either Full I & W OR Parts Warranty Only,Copy of AM3903_M_ Decision Tree of DRX-Compass OTC & FMT.xlsx,DRX-Compass OTC WW,B23,"{""message"": ""Compass Branding Kits are for Direct or Dealer Systems and may include either Full I & W OR Parts Warranty Only""}",,note,info,,,
dt_review:0237,decision_tree:0237,must_select,normalized_candidate,not_implemented,decision_tree_normalized_candidate,DRX-Compass OTC,,Step 3,Must Select Overhead Tube Crane (OTC) type,,hard_block,0.75,Step 3 | Must Select Overhead Tube Crane (OTC) type,Copy of AM3903_M_ Decision Tree of DRX-Compass OTC & FMT.xlsx,DRX-Compass OTC WW,B32,"{""option_group"": ""Must Select Overhead Tube Crane (OTC) type"", ""required_selection_text"": ""Step 3 | Must Select Overhead Tube Crane (OTC) type"", ""step_id"": ""Step 3""}",,must_select,hard_block,,,
dt_review:0238,decision_tree:0238,note,normalized_candidate,not_implemented,decision_tree_normalized_candidate,DRX-Compass OTC,8621674,Step 3,Must Select Overhead Tube Crane (OTC) type,,info,0.45,Single Axis Motorization :Vertical Linear Direction ONLY,Copy of AM3903_M_ Decision Tree of DRX-Compass OTC & FMT.xlsx,DRX-Compass OTC WW,B34,"{""message"": ""Single Axis Motorization :Vertical Linear Direction ONLY""}",,note,info,,,
dt_review:0239,decision_tree:0239,note,normalized_candidate,not_implemented,decision_tree_normalized_candidate,DRX-Compass OTC,8621690,Step 3,Must Select Overhead Tube Crane (OTC) type,,info,0.45,2 Axis Motorization Vertical Linear and Vertical Rotation Only,Copy of AM3903_M_ Decision Tree of DRX-Compass OTC & FMT.xlsx,DRX-Compass OTC WW,B35,"{""message"": ""2 Axis Motorization Vertical Linear and Vertical Rotation Only""}",,note,info,,,
dt_review:0240,decision_tree:0240,must_select,normalized_candidate,not_implemented,decision_tree_normalized_candidate,DRX-Compass OTC,,Step 4,Must Select Longitudinal and Transverse Rails,,hard_block,0.75,Step 4 | Must Select Longitudinal and Transverse Rails,Copy of AM3903_M_ Decision Tree of DRX-Compass OTC & FMT.xlsx,DRX-Compass OTC WW,B38,"{""option_group"": ""Must Select Longitudinal and Transverse Rails"", ""required_selection_text"": ""Step 4 | Must Select Longitudinal and Transverse Rails"", ""step_id"": ""Step 4""}",,must_select,hard_block,,,
dt_review:0241,decision_tree:0241,exclude,normalized_candidate,not_implemented,decision_tree_normalized_candidate,DRX-Compass OTC,6705149,Step 5A,Select Desired MC150 Collimator Options,,hard_block,0.75,"MC150 vS1 Filter Rail, Does not support SoftDAP",Copy of AM3903_M_ Decision Tree of DRX-Compass OTC & FMT.xlsx,DRX-Compass OTC WW,B52,"{""cannot_combine_text"": ""MC150 vS1 Filter Rail, Does not support SoftDAP"", ""product_id"": ""6705149""}",,exclude,hard_block,,,
dt_review:0242,decision_tree:0242,note,normalized_candidate,not_implemented,decision_tree_normalized_candidate,DRX-Compass OTC,6705156,Step 5A,Select Desired MC150 Collimator Options,,info,0.45,MC150 vS1 Blade Feedback for SoftDAP POT Digital DRX Console ONLY,Copy of AM3903_M_ Decision Tree of DRX-Compass OTC & FMT.xlsx,DRX-Compass OTC WW,B53,"{""message"": ""MC150 vS1 Blade Feedback for SoftDAP POT Digital DRX Console ONLY""}",,note,info,,,
dt_review:0243,decision_tree:0243,note,normalized_candidate,not_implemented,decision_tree_normalized_candidate,DRX-Compass OTC,8625246,Step 6,Select Detectors to be used,us,info,0.45,US & C Market .All system detector must be DRX Plus or Focus HD if selected Does not match 44LINE/CM Grids | Must be stected DRX Bucky,Copy of AM3903_M_ Decision Tree of DRX-Compass OTC & FMT.xlsx,DRX-Compass OTC WW,B65,"{""message"": ""US & C Market .All system detector must be DRX Plus or Focus HD if selected Does not match 44LINE/CM Grids | Must be stected DRX Bucky""}",,note,info,,,
dt_review:0244,decision_tree:0244,note,normalized_candidate,not_implemented,decision_tree_normalized_candidate,DRX-Compass OTC,8625253,Step 6,Select Detectors to be used,us,info,0.45,US & C Market .All system detector must be DRX Plus or Focus HD if selected Does not match 44LINE/CM Grids | Must be stected DRX Bucky,Copy of AM3903_M_ Decision Tree of DRX-Compass OTC & FMT.xlsx,DRX-Compass OTC WW,B66,"{""message"": ""US & C Market .All system detector must be DRX Plus or Focus HD if selected Does not match 44LINE/CM Grids | Must be stected DRX Bucky""}",,note,info,,,
dt_review:0245,decision_tree:0245,note,normalized_candidate,not_implemented,decision_tree_normalized_candidate,DRX-Compass OTC,,Step 9a,"Pick Wallstand Type if desired, If ordered must also order a Wallstand Bucky additionally",,info,0.45,"Step 9a | Pick Wallstand Type if desired, If ordered must also order a Wallstand Bucky additionally",Copy of AM3903_M_ Decision Tree of DRX-Compass OTC & FMT.xlsx,DRX-Compass OTC WW,B92,"{""message"": ""Step 9a | Pick Wallstand Type if desired, If ordered must also order a Wallstand Bucky additionally""}",,note,info,,,
dt_review:0246,decision_tree:0246,note,normalized_candidate,not_implemented,decision_tree_normalized_candidate,DRX-Compass OTC,6701726,Step 9b,Pick Wallstand Bucky Type along with Wallstand as required,,info,0.45,Use Only With Other DRX Detector,Copy of AM3903_M_ Decision Tree of DRX-Compass OTC & FMT.xlsx,DRX-Compass OTC WW,B101,"{""message"": ""Use Only With Other DRX Detector""}",,note,info,,,
dt_review:0247,decision_tree:0247,note,normalized_candidate,not_implemented,decision_tree_normalized_candidate,DRX-Compass OTC,8621807,Step 9b,Pick Wallstand Bucky Type along with Wallstand as required,,info,0.45,Use Only With Other DRX Detector,Copy of AM3903_M_ Decision Tree of DRX-Compass OTC & FMT.xlsx,DRX-Compass OTC WW,B102,"{""message"": ""Use Only With Other DRX Detector""}",,note,info,,,
dt_review:0248,decision_tree:0248,note,normalized_candidate,not_implemented,decision_tree_normalized_candidate,DRX-Compass OTC,8621906,Step 9b,Pick Wallstand Bucky Type along with Wallstand as required,,info,0.45,Use Only With Other DRX Detector,Copy of AM3903_M_ Decision Tree of DRX-Compass OTC & FMT.xlsx,DRX-Compass OTC WW,B103,"{""message"": ""Use Only With Other DRX Detector""}",,note,info,,,
dt_review:0249,decision_tree:0249,note,normalized_candidate,not_implemented,decision_tree_normalized_candidate,DRX-Compass OTC,8621815,Step 9b,Pick Wallstand Bucky Type along with Wallstand as required,,info,0.45,Use Only With Other Focus Detector,Copy of AM3903_M_ Decision Tree of DRX-Compass OTC & FMT.xlsx,DRX-Compass OTC WW,B104,"{""message"": ""Use Only With Other Focus Detector""}",,note,info,,,
dt_review:0250,decision_tree:0250,note,normalized_candidate,not_implemented,decision_tree_normalized_candidate,DRX-Compass OTC,8621823,Step 9b,Pick Wallstand Bucky Type along with Wallstand as required,,info,0.45,Use Only With Other Focus Detector,Copy of AM3903_M_ Decision Tree of DRX-Compass OTC & FMT.xlsx,DRX-Compass OTC WW,B105,"{""message"": ""Use Only With Other Focus Detector""}",,note,info,,,
dt_review:0251,decision_tree:0251,note,normalized_candidate,not_implemented,decision_tree_normalized_candidate,DRX-Compass OTC,8621831,Step 9b,Pick Wallstand Bucky Type along with Wallstand as required,,info,0.45,Use Only With Other Focus Detector,Copy of AM3903_M_ Decision Tree of DRX-Compass OTC & FMT.xlsx,DRX-Compass OTC WW,B106,"{""message"": ""Use Only With Other Focus Detector""}",,note,info,,,
dt_review:0252,decision_tree:0252,note,normalized_candidate,not_implemented,decision_tree_normalized_candidate,DRX-Compass OTC,8621856,Step 9b,Pick Wallstand Bucky Type along with Wallstand as required,,info,0.45,Use Only With Other Focus Detector,Copy of AM3903_M_ Decision Tree of DRX-Compass OTC & FMT.xlsx,DRX-Compass OTC WW,B107,"{""message"": ""Use Only With Other Focus Detector""}",,note,info,,,
dt_review:0253,decision_tree:0253,note,normalized_candidate,not_implemented,decision_tree_normalized_candidate,DRX-Compass OTC,8621864,Step 9b,Pick Wallstand Bucky Type along with Wallstand as required,,info,0.45,Use Only With Other Focus Detector,Copy of AM3903_M_ Decision Tree of DRX-Compass OTC & FMT.xlsx,DRX-Compass OTC WW,B108,"{""message"": ""Use Only With Other Focus Detector""}",,note,info,,,
dt_review:0254,decision_tree:0254,note,normalized_candidate,not_implemented,decision_tree_normalized_candidate,DRX-Compass OTC,8621872,Step 9b,Pick Wallstand Bucky Type along with Wallstand as required,,info,0.45,Use Only With Other Focus Detector,Copy of AM3903_M_ Decision Tree of DRX-Compass OTC & FMT.xlsx,DRX-Compass OTC WW,B109,"{""message"": ""Use Only With Other Focus Detector""}",,note,info,,,
dt_review:0255,decision_tree:0255,note,normalized_candidate,not_implemented,decision_tree_normalized_candidate,DRX-Compass OTC,8621898,Step 9b,Pick Wallstand Bucky Type along with Wallstand as required,,info,0.45,Use Only With Other Focus Detector,Copy of AM3903_M_ Decision Tree of DRX-Compass OTC & FMT.xlsx,DRX-Compass OTC WW,B110,"{""message"": ""Use Only With Other Focus Detector""}",,note,info,,,
dt_review:0256,decision_tree:0256,note,normalized_candidate,not_implemented,decision_tree_normalized_candidate,DRX-Compass OTC,6709760,Step 9b,Pick Wallstand Bucky Type along with Wallstand as required,,info,0.45,Use Only With Other DRX Detector,Copy of AM3903_M_ Decision Tree of DRX-Compass OTC & FMT.xlsx,DRX-Compass OTC WW,B111,"{""message"": ""Use Only With Other DRX Detector""}",,note,info,,,
dt_review:0257,decision_tree:0257,note,normalized_candidate,not_implemented,decision_tree_normalized_candidate,DRX-Compass OTC,6709778,Step 9b,Pick Wallstand Bucky Type along with Wallstand as required,,info,0.45,Use Only With Other Focus Detector,Copy of AM3903_M_ Decision Tree of DRX-Compass OTC & FMT.xlsx,DRX-Compass OTC WW,B112,"{""message"": ""Use Only With Other Focus Detector""}",,note,info,,,
dt_review:0258,decision_tree:0258,note,normalized_candidate,not_implemented,decision_tree_normalized_candidate,DRX-Compass OTC,,Step 10,For Systems with a Wallstand: Pick at least ONE Grid to match Detector Used,,info,0.45,(44 l/cm is recommended for Focus Detectors),Copy of AM3903_M_ Decision Tree of DRX-Compass OTC & FMT.xlsx,DRX-Compass OTC WW,B117,"{""message"": ""(44 l/cm is recommended for Focus Detectors)""}",,note,info,,,
dt_review:0259,decision_tree:0259,note,normalized_candidate,not_implemented,decision_tree_normalized_candidate,DRX-Compass OTC,,Step 11a,"Pick Table Type if desired, If ordered must also order a Table Bucky additionally",,info,0.45,"Step 11a | Pick Table Type if desired, If ordered must also order a Table Bucky additionally",Copy of AM3903_M_ Decision Tree of DRX-Compass OTC & FMT.xlsx,DRX-Compass OTC WW,B126,"{""message"": ""Step 11a | Pick Table Type if desired, If ordered must also order a Table Bucky additionally""}",,note,info,,,
dt_review:0260,decision_tree:0260,note,normalized_candidate,not_implemented,decision_tree_normalized_candidate,DRX-Compass OTC,6700231,Step 11a,"Pick Table Type if desired, If ordered must also order a Table Bucky additionally",,info,0.45,Mobile Stretcher table | Only for No table configuration,Copy of AM3903_M_ Decision Tree of DRX-Compass OTC & FMT.xlsx,DRX-Compass OTC WW,B130,"{""message"": ""Mobile Stretcher table | Only for No table configuration""}",,note,info,,,
dt_review:0261,decision_tree:0261,note,normalized_candidate,not_implemented,decision_tree_normalized_candidate,DRX-Compass OTC,,Step 11a,"Pick Table Type if desired, If ordered must also order a Table Bucky additionally",,info,0.45,No table | Only for No table configuration,Copy of AM3903_M_ Decision Tree of DRX-Compass OTC & FMT.xlsx,DRX-Compass OTC WW,C131,"{""message"": ""No table | Only for No table configuration""}",,note,info,,,
dt_review:0262,decision_tree:0262,note,normalized_candidate,not_implemented,decision_tree_normalized_candidate,DRX-Compass OTC,8621922,Step 11b,Pick Table Bucky Type along with Table as required,,info,0.45,DRX Detector and Focus HD Detector Use Only,Copy of AM3903_M_ Decision Tree of DRX-Compass OTC & FMT.xlsx,DRX-Compass OTC WW,B135,"{""message"": ""DRX Detector and Focus HD Detector Use Only""}",,note,info,,,
dt_review:0263,decision_tree:0263,note,normalized_candidate,not_implemented,decision_tree_normalized_candidate,DRX-Compass OTC,8621971,Step 11b,Pick Table Bucky Type along with Table as required,,info,0.45,DRX Detector and Focus HD Detector Use Only,Copy of AM3903_M_ Decision Tree of DRX-Compass OTC & FMT.xlsx,DRX-Compass OTC WW,B136,"{""message"": ""DRX Detector and Focus HD Detector Use Only""}",,note,info,,,
dt_review:0264,decision_tree:0264,note,normalized_candidate,not_implemented,decision_tree_normalized_candidate,DRX-Compass OTC,8621930,Step 11b,Pick Table Bucky Type along with Table as required,,info,0.45,Focus Detector Use ONLY,Copy of AM3903_M_ Decision Tree of DRX-Compass OTC & FMT.xlsx,DRX-Compass OTC WW,B137,"{""message"": ""Focus Detector Use ONLY""}",,note,info,,,
dt_review:0265,decision_tree:0265,note,normalized_candidate,not_implemented,decision_tree_normalized_candidate,DRX-Compass OTC,8621948,Step 11b,Pick Table Bucky Type along with Table as required,,info,0.45,Focus Detector Use ONLY,Copy of AM3903_M_ Decision Tree of DRX-Compass OTC & FMT.xlsx,DRX-Compass OTC WW,B138,"{""message"": ""Focus Detector Use ONLY""}",,note,info,,,
dt_review:0266,decision_tree:0266,note,normalized_candidate,not_implemented,decision_tree_normalized_candidate,DRX-Compass OTC,8621955,Step 11b,Pick Table Bucky Type along with Table as required,,info,0.45,Focus Detector Use ONLY,Copy of AM3903_M_ Decision Tree of DRX-Compass OTC & FMT.xlsx,DRX-Compass OTC WW,B139,"{""message"": ""Focus Detector Use ONLY""}",,note,info,,,
dt_review:0267,decision_tree:0267,note,normalized_candidate,not_implemented,decision_tree_normalized_candidate,DRX-Compass OTC,8621963,Step 11b,Pick Table Bucky Type along with Table as required,,info,0.45,Focus Detector Use ONLY,Copy of AM3903_M_ Decision Tree of DRX-Compass OTC & FMT.xlsx,DRX-Compass OTC WW,B140,"{""message"": ""Focus Detector Use ONLY""}",,note,info,,,
dt_review:0268,decision_tree:0268,note,normalized_candidate,not_implemented,decision_tree_normalized_candidate,DRX-Compass OTC,,Step 12,For Systems with a Table: Pick at least ONE Grid to match Detector Used,,info,0.45,(44 l/cm is recommended for Focus Detectors),Copy of AM3903_M_ Decision Tree of DRX-Compass OTC & FMT.xlsx,DRX-Compass OTC WW,B145,"{""message"": ""(44 l/cm is recommended for Focus Detectors)""}",,note,info,,,
dt_review:0269,decision_tree:0269,note,normalized_candidate,not_implemented,decision_tree_normalized_candidate,DRX-Compass OTC,8621708,Step 14,Field Change Kits and Options- Kits that allow Changes,,info,0.45,Kit for Adding Vertical ( alpha rotation) Motorization | Can select when Z-motorized,Copy of AM3903_M_ Decision Tree of DRX-Compass OTC & FMT.xlsx,DRX-Compass OTC WW,B162,"{""message"": ""Kit for Adding Vertical ( alpha rotation) Motorization | Can select when Z-motorized""}",,note,info,,,
dt_review:0270,decision_tree:0270,note,normalized_candidate,not_implemented,decision_tree_normalized_candidate,DRX-Compass OTC,8621724,Step 14,Field Change Kits and Options- Kits that allow Changes,,info,0.45,Kit for Adding Vertical ( alpha rotation) And longitudinal & Transverse Motorization | Can select when Z-motorized,Copy of AM3903_M_ Decision Tree of DRX-Compass OTC & FMT.xlsx,DRX-Compass OTC WW,B163,"{""message"": ""Kit for Adding Vertical ( alpha rotation) And longitudinal & Transverse Motorization | Can select when Z-motorized""}",,note,info,,,
dt_review:0271,decision_tree:0271,note,normalized_candidate,not_implemented,decision_tree_normalized_candidate,DRX-Compass OTC,8621732,Step 14,Field Change Kits and Options- Kits that allow Changes,,info,0.45,Kit for Adding Longitudinal & Transverse Motorization | Can select when Z & Alpha motorized,Copy of AM3903_M_ Decision Tree of DRX-Compass OTC & FMT.xlsx,DRX-Compass OTC WW,B164,"{""message"": ""Kit for Adding Longitudinal & Transverse Motorization | Can select when Z & Alpha motorized""}",,note,info,,,
dt_review:0272,decision_tree:0272,exclude,normalized_candidate,not_implemented,decision_tree_normalized_candidate,DRX-Compass OTC,8626467,Step 16,Pick any of the following accessories for a DRX-Compass System,,hard_block,0.75,"OTC only (including analog) OTC Z (8621674), OTC Z+alpha (8621690) must OTC Full-Motorized not support | Only support OTC system and Not support full motorized",Copy of AM3903_M_ Decision Tree of DRX-Compass OTC & FMT.xlsx,DRX-Compass OTC WW,B249,"{""cannot_combine_text"": ""OTC only (including analog) OTC Z (8621674), OTC Z+alpha (8621690) must OTC Full-Motorized not support | Only support OTC system and Not support full motorized"", ""product_id"": ""8626467""}",,exclude,hard_block,,,
dt_review:0273,decision_tree:0273,note,normalized_candidate,not_implemented,decision_tree_normalized_candidate,DRX-Compass OTC,,Step 17a,Smart Room Assistant,,info,0.45,Step 17a | Smart Room Assistant | System Config Limitation: - Both OTC & FMT digital (no support analog version) - For all OTC - Tube stand motorized 6704530 or 6704548 - FMT Floor Rail SID Feedback Kit 6705180 - Table with AT 6701668 or 6701692 - No table support - Must auto collimation 6701577 - Wall stand motorized must 6701585 or 6701593 - AEC must 6704506,Copy of AM3903_M_ Decision Tree of DRX-Compass OTC & FMT.xlsx,DRX-Compass OTC WW,B253,"{""message"": ""Step 17a | Smart Room Assistant | System Config Limitation: - Both OTC & FMT digital (no support analog version) - For all OTC - Tube stand motorized 6704530 or 6704548 - FMT Floor Rail SID Feedback Kit 6705180 - Table with AT 6701668 or 6701692 - No table support - Must auto collimation 6701577 - Wall stand motorized must 6701585 or 6701593 - AEC must 6704506""}",,note,info,,,
dt_review:0274,decision_tree:0274,note,normalized_candidate,not_implemented,decision_tree_normalized_candidate,DRX-Compass OTC,8626749,Step 17a,Smart Room Assistant,us,info,0.45,WW ex US&C | x,Copy of AM3903_M_ Decision Tree of DRX-Compass OTC & FMT.xlsx,DRX-Compass OTC WW,B254,"{""message"": ""WW ex US&C | x""}",,note,info,,,
dt_review:0275,decision_tree:0275,region_allow,normalized_candidate,not_implemented,decision_tree_normalized_candidate,DRX-Compass OTC,8627192,Step 17a,Smart Room Assistant,us,hard_block,0.9,US&C Only,Copy of AM3903_M_ Decision Tree of DRX-Compass OTC & FMT.xlsx,DRX-Compass OTC WW,B260,"{""allowed_regions"": [""us""], ""source_text"": ""US&C Only""}",,region_allow,hard_block,,,
dt_review:0276,decision_tree:0276,note,normalized_candidate,not_implemented,decision_tree_normalized_candidate,DRX-Compass OTC,8626749,Step 17b,Smart Room,us,info,0.45,"WW ex US&C, India",Copy of AM3903_M_ Decision Tree of DRX-Compass OTC & FMT.xlsx,DRX-Compass OTC WW,B263,"{""message"": ""WW ex US&C, India""}",,note,info,,,
dt_review:0277,decision_tree:0277,note,normalized_candidate,not_implemented,decision_tree_normalized_candidate,DRX-Compass OTC,8626780,Step 17b,Smart Room,us,info,0.45,"WW ex US&C, India",Copy of AM3903_M_ Decision Tree of DRX-Compass OTC & FMT.xlsx,DRX-Compass OTC WW,B264,"{""message"": ""WW ex US&C, India""}",,note,info,,,
dt_review:0278,decision_tree:0278,note,normalized_candidate,not_implemented,decision_tree_normalized_candidate,DRX-Compass OTC,6704845,Step 17b,Smart Room,us,info,0.45,"WW ex US&C, India",Copy of AM3903_M_ Decision Tree of DRX-Compass OTC & FMT.xlsx,DRX-Compass OTC WW,B265,"{""message"": ""WW ex US&C, India""}",,note,info,,,
dt_review:0279,decision_tree:0279,note,normalized_candidate,not_implemented,decision_tree_normalized_candidate,DRX-Compass OTC,8626764,Step 17b,Smart Room,us,info,0.45,"WW ex US&C, India",Copy of AM3903_M_ Decision Tree of DRX-Compass OTC & FMT.xlsx,DRX-Compass OTC WW,B266,"{""message"": ""WW ex US&C, India""}",,note,info,,,
dt_review:0280,decision_tree:0280,note,normalized_candidate,not_implemented,decision_tree_normalized_candidate,DRX-Compass OTC,6704407,Step 17b,Smart Room,us,info,0.45,SW Licence Kit， WW ex US&C,Copy of AM3903_M_ Decision Tree of DRX-Compass OTC & FMT.xlsx,DRX-Compass OTC WW,B267,"{""message"": ""SW Licence Kit， WW ex US&C""}",,note,info,,,
dt_review:0281,decision_tree:0281,region_allow,normalized_candidate,not_implemented,decision_tree_normalized_candidate,DRX-Compass OTC,8627176,Step 17b,Smart Room,us,hard_block,0.9,US&C Only,Copy of AM3903_M_ Decision Tree of DRX-Compass OTC & FMT.xlsx,DRX-Compass OTC WW,B270,"{""allowed_regions"": [""us""], ""source_text"": ""US&C Only""}",,region_allow,hard_block,,,
dt_review:0282,decision_tree:0282,exclude,normalized_candidate,not_implemented,decision_tree_normalized_candidate,DRX-Compass FMT,6701585,,,,hard_block,0.75,Not Supported | Configuration not support in current design reason: - Manual TS: No function of auto tracking button and E-stop button. - Digital ImageView: Not support analog bucky (e.g. AEC cannot be used in Analog Bucky),Copy of AM3903_M_ Decision Tree of DRX-Compass OTC & FMT.xlsx,Config Matrix of FMT Digital,A6,"{""cannot_combine_text"": ""Not Supported | Configuration not support in current design reason: - Manual TS: No function of auto tracking button and E-stop button. - Digital ImageView: Not support analog bucky (e.g. AEC cannot be used in Analog Bucky)"", ""product_id"": ""6701585""}",,exclude,hard_block,,,
dt_review:0283,decision_tree:0283,exclude,normalized_candidate,not_implemented,decision_tree_normalized_candidate,DRX-Compass FMT,6701593,,,,hard_block,0.75,Not Supported,Copy of AM3903_M_ Decision Tree of DRX-Compass OTC & FMT.xlsx,Config Matrix of FMT Digital,A7,"{""cannot_combine_text"": ""Not Supported"", ""product_id"": ""6701593""}",,exclude,hard_block,,,
dt_review:0284,decision_tree:0284,exclude,normalized_candidate,not_implemented,decision_tree_normalized_candidate,DRX-Compass FMT,8621765,,,,hard_block,0.75,Not Supported,Copy of AM3903_M_ Decision Tree of DRX-Compass OTC & FMT.xlsx,Config Matrix of FMT Digital,A8,"{""cannot_combine_text"": ""Not Supported"", ""product_id"": ""8621765""}",,exclude,hard_block,,,
dt_review:0285,decision_tree:0285,exclude,normalized_candidate,not_implemented,decision_tree_normalized_candidate,DRX-Compass FMT,8621773,,,,hard_block,0.75,Not Supported,Copy of AM3903_M_ Decision Tree of DRX-Compass OTC & FMT.xlsx,Config Matrix of FMT Digital,A9,"{""cannot_combine_text"": ""Not Supported"", ""product_id"": ""8621773""}",,exclude,hard_block,,,
dt_review:0286,decision_tree:0286,exclude,normalized_candidate,not_implemented,decision_tree_normalized_candidate,DRX-Compass FMT,6705214,,,,hard_block,0.75,No Track | Not Supported,Copy of AM3903_M_ Decision Tree of DRX-Compass OTC & FMT.xlsx,Config Matrix of FMT Digital,A10,"{""cannot_combine_text"": ""No Track | Not Supported"", ""product_id"": ""6705214""}",,exclude,hard_block,,,
dt_review:0287,decision_tree:0287,exclude,normalized_candidate,not_implemented,decision_tree_normalized_candidate,DRX-Compass FMT,6704993,,,,hard_block,0.75,Not Supported,Copy of AM3903_M_ Decision Tree of DRX-Compass OTC & FMT.xlsx,Config Matrix of FMT Digital,A11,"{""cannot_combine_text"": ""Not Supported"", ""product_id"": ""6704993""}",,exclude,hard_block,,,
dt_review:0288,decision_tree:0288,exclude,normalized_candidate,not_implemented,decision_tree_normalized_candidate,DRX-Compass FMT,6701585,,,,hard_block,0.75,Not Supported | WS & Table Vertical Track | WS Vertical Track | Configuration not support in current design reason: - Motorized TS: suggest at least one AT button in system. - Digital ImageView: Not support analog bucky - WS or Table w/o AT + Motorized TS is not planed by the design team,Copy of AM3903_M_ Decision Tree of DRX-Compass OTC & FMT.xlsx,Config Matrix of FMT Digital,A16,"{""cannot_combine_text"": ""Not Supported | WS & Table Vertical Track | WS Vertical Track | Configuration not support in current design reason: - Motorized TS: suggest at least one AT button in system. - Digital ImageView: Not support analog bucky - WS or Table w/o AT + Motorized TS is not planed by the design team"", ""product_id"": ""6701585""}",,exclude,hard_block,,,
dt_review:0289,decision_tree:0289,exclude,normalized_candidate,not_implemented,decision_tree_normalized_candidate,DRX-Compass FMT,6701593,,,,hard_block,0.75,Not Supported | WS & Table Vertical Track | WS Vertical Track,Copy of AM3903_M_ Decision Tree of DRX-Compass OTC & FMT.xlsx,Config Matrix of FMT Digital,A17,"{""cannot_combine_text"": ""Not Supported | WS & Table Vertical Track | WS Vertical Track"", ""product_id"": ""6701593""}",,exclude,hard_block,,,
dt_review:0290,decision_tree:0290,exclude,normalized_candidate,not_implemented,decision_tree_normalized_candidate,DRX-Compass FMT,8621765,,,,hard_block,0.75,Not Supported | WS & Table Vertical Track | WS Vertical Track,Copy of AM3903_M_ Decision Tree of DRX-Compass OTC & FMT.xlsx,Config Matrix of FMT Digital,A18,"{""cannot_combine_text"": ""Not Supported | WS & Table Vertical Track | WS Vertical Track"", ""product_id"": ""8621765""}",,exclude,hard_block,,,
dt_review:0291,decision_tree:0291,exclude,normalized_candidate,not_implemented,decision_tree_normalized_candidate,DRX-Compass FMT,8621773,,,,hard_block,0.75,Not Supported | WS & Table Vertical Track | WS Vertical Track,Copy of AM3903_M_ Decision Tree of DRX-Compass OTC & FMT.xlsx,Config Matrix of FMT Digital,A19,"{""cannot_combine_text"": ""Not Supported | WS & Table Vertical Track | WS Vertical Track"", ""product_id"": ""8621773""}",,exclude,hard_block,,,
dt_review:0292,decision_tree:0292,exclude,normalized_candidate,not_implemented,decision_tree_normalized_candidate,DRX-Compass FMT,6705214,,,,hard_block,0.75,Not Supported,Copy of AM3903_M_ Decision Tree of DRX-Compass OTC & FMT.xlsx,Config Matrix of FMT Digital,A20,"{""cannot_combine_text"": ""Not Supported"", ""product_id"": ""6705214""}",,exclude,hard_block,,,
dt_review:0293,decision_tree:0293,exclude,normalized_candidate,not_implemented,decision_tree_normalized_candidate,DRX-Compass FMT,6701585,,,,hard_block,0.75,Not Supported | WS&Table Vertical Track | WS & Table Vertical Track | WS Vertical Track | Configuration not support in current design reason: - Motorized TS: suggest at least one AT button in system. - Digital ImageView: Not support analog bucky - Auto LLI: need motorized WS - WS or Table w/o AT + Motorized TS is not planed by the design team,Copy of AM3903_M_ Decision Tree of DRX-Compass OTC & FMT.xlsx,Config Matrix of FMT Digital,A26,"{""cannot_combine_text"": ""Not Supported | WS&Table Vertical Track | WS & Table Vertical Track | WS Vertical Track | Configuration not support in current design reason: - Motorized TS: suggest at least one AT button in system. - Digital ImageView: Not support analog bucky - Auto LLI: need motorized WS - WS or Table w/o AT + Motorized TS is not planed by the design team"", ""product_id"": ""6701585""}",,exclude,hard_block,,,
dt_review:0294,decision_tree:0294,exclude,normalized_candidate,not_implemented,decision_tree_normalized_candidate,DRX-Compass FMT,6701593,,,,hard_block,0.75,Not Supported | WS&Table Vertical Track | WS & Table Vertical Track | WS Vertical Track,Copy of AM3903_M_ Decision Tree of DRX-Compass OTC & FMT.xlsx,Config Matrix of FMT Digital,A29,"{""cannot_combine_text"": ""Not Supported | WS&Table Vertical Track | WS & Table Vertical Track | WS Vertical Track"", ""product_id"": ""6701593""}",,exclude,hard_block,,,
dt_review:0295,decision_tree:0295,exclude,normalized_candidate,not_implemented,decision_tree_normalized_candidate,DRX-Compass FMT,6701585,,,,hard_block,0.75,Not Supported | Frimware for analog system limitation: - Not read bucky sensor; - Not support motorized TS - Not support motorized WS,Copy of AM3903_M_ Decision Tree of DRX-Compass OTC & FMT.xlsx,Config Matrix FMT Analog,A6,"{""cannot_combine_text"": ""Not Supported | Frimware for analog system limitation: - Not read bucky sensor; - Not support motorized TS - Not support motorized WS"", ""product_id"": ""6701585""}",,exclude,hard_block,,,
dt_review:0296,decision_tree:0296,exclude,normalized_candidate,not_implemented,decision_tree_normalized_candidate,DRX-Compass FMT,6704993,,,,hard_block,0.75,Not Supported | No Auto Track Support Digital Upgrade,Copy of AM3903_M_ Decision Tree of DRX-Compass OTC & FMT.xlsx,Config Matrix FMT Analog,A11,"{""cannot_combine_text"": ""Not Supported | No Auto Track Support Digital Upgrade"", ""product_id"": ""6704993""}",,exclude,hard_block,,,
dt_review:0297,decision_tree:0297,note,normalized_candidate,not_implemented,decision_tree_normalized_candidate,DRX-Compass OTC/FMT,8621997,,,,info,0.45,10:1 | x | not used in current table config,Copy of AM3903_M_ Decision Tree of DRX-Compass OTC & FMT.xlsx,Config Matrix of Detector&Grid,A4,"{""message"": ""10:1 | x | not used in current table config""}",,note,info,,,
dt_review:0298,decision_tree:0298,note,normalized_candidate,not_implemented,decision_tree_normalized_candidate,DRX-Compass OTC/FMT,8622029,,,,info,0.45,10:1 | x | not used in current table,Copy of AM3903_M_ Decision Tree of DRX-Compass OTC & FMT.xlsx,Config Matrix of Detector&Grid,A12,"{""message"": ""10:1 | x | not used in current table""}",,note,info,,,
dt_review:0299,decision_tree:0299,choose_one,normalized_candidate,not_implemented,decision_tree_normalized_candidate,DRX-Evolution Plus,,Step 1,Pick one DRX-Evolution Plus Main System,,hard_block,0.9,Step 1 | Pick one DRX-Evolution Plus Main System,Decision Tree for DRX-Evolution PLUS 202604 Felix review.xlsx,Standard Configs,B8,"{""max"": 1, ""min"": 1, ""option_group"": ""Pick one DRX-Evolution Plus Main System"", ""source_text"": ""Step 1 | Pick one DRX-Evolution Plus Main System"", ""step_id"": ""Step 1""}",,choose_one,hard_block,,,
dt_review:0300,decision_tree:0300,note,normalized_candidate,not_implemented,decision_tree_normalized_candidate,DRX-Evolution Plus,8619967,Step 1,Pick one DRX-Evolution Plus Main System,,info,0.45,"TBD | EU Stand Config#1-65kw Evolution Plus Auto-Dual Bucky, Motor OTC,Wall,Table,PPPX,DAP,IR Rem,400VAC input",Decision Tree for DRX-Evolution PLUS 202604 Felix review.xlsx,Standard Configs,B9,"{""message"": ""TBD | EU Stand Config#1-65kw Evolution Plus Auto-Dual Bucky, Motor OTC,Wall,Table,PPPX,DAP,IR Rem,400VAC input""}",,note,info,,,
dt_review:0301,decision_tree:0301,note,normalized_candidate,not_implemented,decision_tree_normalized_candidate,DRX-Evolution Plus,8619975,Step 1,Pick one DRX-Evolution Plus Main System,,info,0.45,"TBD | EU Stand Config#2-80kw Evolution Plus Auto-Dual Bucky, Motor OTC,Wall,Table,PPPX,DAP,IR Rem,400VAC input",Decision Tree for DRX-Evolution PLUS 202604 Felix review.xlsx,Standard Configs,B10,"{""message"": ""TBD | EU Stand Config#2-80kw Evolution Plus Auto-Dual Bucky, Motor OTC,Wall,Table,PPPX,DAP,IR Rem,400VAC input""}",,note,info,,,
dt_review:0302,decision_tree:0302,note,normalized_candidate,not_implemented,decision_tree_normalized_candidate,DRX-Evolution Plus,1739192,Step 1,Pick one DRX-Evolution Plus Main System,,info,0.45,"Dual buky | DRX-Evolution Plus Automatic - Dual Bucky, Motor OTC, Motor CSH Wall Stand, Motor Table P-PCSCH-P-X",Decision Tree for DRX-Evolution PLUS 202604 Felix review.xlsx,DRX Evolution Plus Automatic,B8,"{""message"": ""Dual buky | DRX-Evolution Plus Automatic - Dual Bucky, Motor OTC, Motor CSH Wall Stand, Motor Table P-PCSCH-P-X""}",,note,info,,,
dt_review:0303,decision_tree:0303,note,normalized_candidate,not_implemented,decision_tree_normalized_candidate,DRX-Evolution Plus,1739218,Step 1,Pick one DRX-Evolution Plus Main System,,info,0.45,"Wall stand only | DRX-Evolution Plus Automatic - Single Bucky, Motorized OTC, Motorized CSH Wall Stand P-PCSCH-X-X",Decision Tree for DRX-Evolution PLUS 202604 Felix review.xlsx,DRX Evolution Plus Automatic,B9,"{""message"": ""Wall stand only | DRX-Evolution Plus Automatic - Single Bucky, Motorized OTC, Motorized CSH Wall Stand P-PCSCH-X-X""}",,note,info,,,
dt_review:0304,decision_tree:0304,note,normalized_candidate,not_implemented,decision_tree_normalized_candidate,DRX-Evolution Plus,1739226,Step 1,Pick one DRX-Evolution Plus Main System,,info,0.45,"Table only | DRX-Evolution Plus Automatic - Single Bucky, Motorized OTC, Motorized Table P-X-P-X",Decision Tree for DRX-Evolution PLUS 202604 Felix review.xlsx,DRX Evolution Plus Automatic,B10,"{""message"": ""Table only | DRX-Evolution Plus Automatic - Single Bucky, Motorized OTC, Motorized Table P-X-P-X""}",,note,info,,,
dt_review:0305,decision_tree:0305,note,normalized_candidate,not_implemented,decision_tree_normalized_candidate,DRX-Evolution Plus,1739465,Step 1,Pick one DRX-Evolution Plus Main System,,info,0.45,Transbay (OTC only) | DRX-Evo Plus Transbay OTC System Includes extra long IGES Chain & Supports in Transverse & Longitudinal,Decision Tree for DRX-Evolution PLUS 202604 Felix review.xlsx,DRX Evolution Plus Automatic,B11,"{""message"": ""Transbay (OTC only) | DRX-Evo Plus Transbay OTC System Includes extra long IGES Chain & Supports in Transverse & Longitudinal""}",,note,info,,,
dt_review:0306,decision_tree:0306,region_allow,normalized_candidate,not_implemented,decision_tree_normalized_candidate,DRX-Evolution Plus,8624264,Step 1,Pick one DRX-Evolution Plus Main System,us,hard_block,0.9,"OSHPD | DRX-Evolution Plus Automatic - Dual Bucky, Motor OTC, Motor CSH Wall Stand, Motor Table P-PCSCH-P-X | #N/A | For US only | No action",Decision Tree for DRX-Evolution PLUS 202604 Felix review.xlsx,DRX Evolution Plus Automatic,B12,"{""allowed_regions"": [""us""], ""source_text"": ""OSHPD | DRX-Evolution Plus Automatic - Dual Bucky, Motor OTC, Motor CSH Wall Stand, Motor Table P-PCSCH-P-X | #N/A | For US only | No action""}",,region_allow,hard_block,,,
dt_review:0307,decision_tree:0307,must_select,normalized_candidate,not_implemented,decision_tree_normalized_candidate,DRX-Evolution Plus,,Step 2,"Must Select GOS or Csi Detector, (choose 0, 1 or 2)",,hard_block,0.75,"Step 2 | Must Select GOS or Csi Detector, (choose 0, 1 or 2) | Evo+ not support Focus detector",Decision Tree for DRX-Evolution PLUS 202604 Felix review.xlsx,DRX Evolution Plus Automatic,B14,"{""option_group"": ""Must Select GOS or Csi Detector, (choose 0, 1 or 2)"", ""required_selection_text"": ""Step 2 | Must Select GOS or Csi Detector, (choose 0, 1 or 2) | Evo+ not support Focus detector"", ""step_id"": ""Step 2""}",,must_select,hard_block,,,
dt_review:0308,decision_tree:0308,note,normalized_candidate,not_implemented,decision_tree_normalized_candidate,DRX-Evolution Plus,,Step 2,"Must Select GOS or Csi Detector, (choose 0, 1 or 2)",,info,0.45,Note: all Evolution Bucky's now use the intermix bucky allowing the use of a wireless 3543 or a 4343 detector in the same bucky as desired by the user. ( Except for Varian fixed detector systems),Decision Tree for DRX-Evolution PLUS 202604 Felix review.xlsx,DRX Evolution Plus Automatic,B15,"{""message"": ""Note: all Evolution Bucky's now use the intermix bucky allowing the use of a wireless 3543 or a 4343 detector in the same bucky as desired by the user. ( Except for Varian fixed detector systems)""}",,note,info,,,
dt_review:0309,decision_tree:0309,note,normalized_candidate,not_implemented,decision_tree_normalized_candidate,DRX-Evolution Plus,8623308,Step 2,"Must Select GOS or Csi Detector, (choose 0, 1 or 2)",us,info,0.45,Price per detector | US made | No action,Decision Tree for DRX-Evolution PLUS 202604 Felix review.xlsx,DRX Evolution Plus Automatic,B16,"{""message"": ""Price per detector | US made | No action""}",,note,info,,,
dt_review:0310,decision_tree:0310,note,normalized_candidate,not_implemented,decision_tree_normalized_candidate,DRX-Evolution Plus,8624959,Step 2,"Must Select GOS or Csi Detector, (choose 0, 1 or 2)",us,info,0.45,"Wireless 43 cm x 43 cm Cesium detector, removable from bucky | US made | No action",Decision Tree for DRX-Evolution PLUS 202604 Felix review.xlsx,DRX Evolution Plus Automatic,B18,"{""message"": ""Wireless 43 cm x 43 cm Cesium detector, removable from bucky | US made | No action""}",,note,info,,,
dt_review:0311,decision_tree:0311,note,normalized_candidate,not_implemented,decision_tree_normalized_candidate,DRX-Evolution Plus,1051077,Step 2,"Must Select GOS or Csi Detector, (choose 0, 1 or 2)",us,info,0.45,Price per detector | 0D | US made | No action,Decision Tree for DRX-Evolution PLUS 202604 Felix review.xlsx,DRX Evolution Plus Automatic,B19,"{""message"": ""Price per detector | 0D | US made | No action""}",,note,info,,,
dt_review:0312,decision_tree:0312,note,normalized_candidate,not_implemented,decision_tree_normalized_candidate,DRX-Evolution Plus,6705727,Step 2,"Must Select GOS or Csi Detector, (choose 0, 1 or 2)",,info,0.45,6705727 | Focus HD 35 Detector | 04,Decision Tree for DRX-Evolution PLUS 202604 Felix review.xlsx,DRX Evolution Plus Automatic,B21,"{""message"": ""6705727 | Focus HD 35 Detector | 04""}",,note,info,,,
dt_review:0313,decision_tree:0313,note,normalized_candidate,not_implemented,decision_tree_normalized_candidate,DRX-Evolution Plus,6705735,Step 2,"Must Select GOS or Csi Detector, (choose 0, 1 or 2)",,info,0.45,6705735 | Focus HD 43 Detector | 04,Decision Tree for DRX-Evolution PLUS 202604 Felix review.xlsx,DRX Evolution Plus Automatic,B22,"{""message"": ""6705735 | Focus HD 43 Detector | 04""}",,note,info,,,
dt_review:0314,decision_tree:0314,note,normalized_candidate,not_implemented,decision_tree_normalized_candidate,DRX-Evolution Plus,8024853,Step 2,"Must Select GOS or Csi Detector, (choose 0, 1 or 2)",us,info,0.45,Optional | 0D | US made | No action,Decision Tree for DRX-Evolution PLUS 202604 Felix review.xlsx,DRX Evolution Plus Automatic,B24,"{""message"": ""Optional | 0D | US made | No action""}",,note,info,,,
dt_review:0315,decision_tree:0315,note,normalized_candidate,not_implemented,decision_tree_normalized_candidate,DRX-Evolution Plus,1528439,Step 2,"Must Select GOS or Csi Detector, (choose 0, 1 or 2)",us,info,0.45,Optional | 0D | US made | No action,Decision Tree for DRX-Evolution PLUS 202604 Felix review.xlsx,DRX Evolution Plus Automatic,B25,"{""message"": ""Optional | 0D | US made | No action""}",,note,info,,,
dt_review:0316,decision_tree:0316,note,normalized_candidate,not_implemented,decision_tree_normalized_candidate,DRX-Evolution Plus,6701155,Step 2,"Must Select GOS or Csi Detector, (choose 0, 1 or 2)",,info,0.45,"Optional For Focus Detector, for Focus HD and DRX-LC",Decision Tree for DRX-Evolution PLUS 202604 Felix review.xlsx,DRX Evolution Plus Automatic,B26,"{""message"": ""Optional For Focus Detector, for Focus HD and DRX-LC""}",,note,info,,,
dt_review:0317,decision_tree:0317,must_select,normalized_candidate,not_implemented,decision_tree_normalized_candidate,DRX-Evolution Plus,,Step 3,Must Select Input Voltage & PDU Configuration,,hard_block,0.75,Step 3 | Must Select Input Voltage & PDU Configuration,Decision Tree for DRX-Evolution PLUS 202604 Felix review.xlsx,DRX Evolution Plus Automatic,B28,"{""option_group"": ""Must Select Input Voltage & PDU Configuration"", ""required_selection_text"": ""Step 3 | Must Select Input Voltage & PDU Configuration"", ""step_id"": ""Step 3""}",,must_select,hard_block,,,
dt_review:0318,decision_tree:0318,note,normalized_candidate,not_implemented,decision_tree_normalized_candidate,DRX-Evolution Plus,6709919,Step 3,Must Select Input Voltage & PDU Configuration,,info,0.45,Choose No UPS | replaced by UPS if needed,Decision Tree for DRX-Evolution PLUS 202604 Felix review.xlsx,DRX Evolution Plus Automatic,B32,"{""message"": ""Choose No UPS | replaced by UPS if needed""}",,note,info,,,
dt_review:0319,decision_tree:0319,note,normalized_candidate,not_implemented,decision_tree_normalized_candidate,DRX-Evolution Plus,1095082,Step 3,Must Select Input Voltage & PDU Configuration,,info,0.45,"Choose UPS Type | Best If be included at time of System order placement. Y, UPS, 230V, 1500VA, 980W",Decision Tree for DRX-Evolution PLUS 202604 Felix review.xlsx,DRX Evolution Plus Automatic,B33,"{""message"": ""Choose UPS Type | Best If be included at time of System order placement. Y, UPS, 230V, 1500VA, 980W""}",,note,info,,,
dt_review:0320,decision_tree:0320,choose_one,normalized_candidate,not_implemented,decision_tree_normalized_candidate,DRX-Evolution Plus,,Step 4,Select Wireless Access Point (Must Select One),,hard_block,0.9,Step 4 | Select Wireless Access Point (Must Select One),Decision Tree for DRX-Evolution PLUS 202604 Felix review.xlsx,DRX Evolution Plus Automatic,B36,"{""max"": 1, ""min"": 1, ""option_group"": ""Select Wireless Access Point (Must Select One)"", ""source_text"": ""Step 4 | Select Wireless Access Point (Must Select One)"", ""step_id"": ""Step 4""}",,choose_one,hard_block,,,
dt_review:0321,decision_tree:0321,note,normalized_candidate,not_implemented,decision_tree_normalized_candidate,DRX-Evolution Plus,,Step 4,Select Wireless Access Point (Must Select One),,info,0.45,Included in Console Price but must be ordered to select type,Decision Tree for DRX-Evolution PLUS 202604 Felix review.xlsx,DRX Evolution Plus Automatic,B38,"{""message"": ""Included in Console Price but must be ordered to select type""}",,note,info,,,
dt_review:0322,decision_tree:0322,require,normalized_candidate,not_implemented,decision_tree_normalized_candidate,DRX-Evolution Plus,8625931,Step 4,Select Wireless Access Point (Must Select One),,hard_block,0.75,"Alternative if above not available | #N/A | Check if need to add in Decision tree | Felix Zhang | No need, will remove from decision tree",Decision Tree for DRX-Evolution PLUS 202604 Felix review.xlsx,DRX Evolution Plus Automatic,B43,"{""then"": {""requirement_text"": ""Alternative if above not available | #N/A | Check if need to add in Decision tree | Felix Zhang | No need, will remove from decision tree""}, ""when"": {""product_id"": ""8625931""}}",,require,hard_block,,,
dt_review:0323,decision_tree:0323,require,normalized_candidate,not_implemented,decision_tree_normalized_candidate,DRX-Evolution Plus,8625956,Step 4,Select Wireless Access Point (Must Select One),,hard_block,0.75,"Alternative if above not available | #N/A | Check if need to add in Decision tree | Felix Zhang | No need, will remove from decision tree",Decision Tree for DRX-Evolution PLUS 202604 Felix review.xlsx,DRX Evolution Plus Automatic,B44,"{""then"": {""requirement_text"": ""Alternative if above not available | #N/A | Check if need to add in Decision tree | Felix Zhang | No need, will remove from decision tree""}, ""when"": {""product_id"": ""8625956""}}",,require,hard_block,,,
dt_review:0324,decision_tree:0324,choose_one,normalized_candidate,not_implemented,decision_tree_normalized_candidate,DRX-Evolution Plus,,Step 5,Must Select one of the following Generator Options,,hard_block,0.9,Step 5 | Must Select one of the following Generator Options,Decision Tree for DRX-Evolution PLUS 202604 Felix review.xlsx,DRX Evolution Plus Automatic,B48,"{""max"": 1, ""min"": 1, ""option_group"": ""Must Select one of the following Generator Options"", ""source_text"": ""Step 5 | Must Select one of the following Generator Options"", ""step_id"": ""Step 5""}",,choose_one,hard_block,,,
dt_review:0325,decision_tree:0325,must_select,normalized_candidate,not_implemented,decision_tree_normalized_candidate,DRX-Evolution Plus,,Step 6,Must Select Longitudinal and Transverse Rails,,hard_block,0.75,Step 6 | Must Select Longitudinal and Transverse Rails,Decision Tree for DRX-Evolution PLUS 202604 Felix review.xlsx,DRX Evolution Plus Automatic,B53,"{""option_group"": ""Must Select Longitudinal and Transverse Rails"", ""required_selection_text"": ""Step 6 | Must Select Longitudinal and Transverse Rails"", ""step_id"": ""Step 6""}",,must_select,hard_block,,,
dt_review:0326,decision_tree:0326,note,normalized_candidate,not_implemented,decision_tree_normalized_candidate,DRX-Evolution Plus,,Step 7,For Systems with a Wall Stand: Pick at least ONE Grid,,info,0.45,Step 7 | For Systems with a Wall Stand: Pick at least ONE Grid,Decision Tree for DRX-Evolution PLUS 202604 Felix review.xlsx,DRX Evolution Plus Automatic,B57,"{""message"": ""Step 7 | For Systems with a Wall Stand: Pick at least ONE Grid""}",,note,info,,,
dt_review:0327,decision_tree:0327,note,normalized_candidate,not_implemented,decision_tree_normalized_candidate,DRX-Evolution Plus,6558829,Step 7,For Systems with a Wall Stand: Pick at least ONE Grid,,info,0.45,General Purpouse,Decision Tree for DRX-Evolution PLUS 202604 Felix review.xlsx,DRX Evolution Plus Automatic,B66,"{""message"": ""General Purpouse""}",,note,info,,,
dt_review:0328,decision_tree:0328,note,normalized_candidate,not_implemented,decision_tree_normalized_candidate,DRX-Evolution Plus,1051309,Step 7,For Systems with a Wall Stand: Pick at least ONE Grid,,info,0.45,General Purpouse,Decision Tree for DRX-Evolution PLUS 202604 Felix review.xlsx,DRX Evolution Plus Automatic,B67,"{""message"": ""General Purpouse""}",,note,info,,,
dt_review:0329,decision_tree:0329,note,normalized_candidate,not_implemented,decision_tree_normalized_candidate,DRX-Evolution Plus,,Step 8,For Systems with a Table: Pick at least ONE Grid,,info,0.45,Step 8 | For Systems with a Table: Pick at least ONE Grid,Decision Tree for DRX-Evolution PLUS 202604 Felix review.xlsx,DRX Evolution Plus Automatic,B69,"{""message"": ""Step 8 | For Systems with a Table: Pick at least ONE Grid""}",,note,info,,,
dt_review:0330,decision_tree:0330,must_select,normalized_candidate,not_implemented,decision_tree_normalized_candidate,DRX-Evolution Plus,,Step 9,Must Select Stationary or Movable WS mounting for DRX-Evolution Systems,,hard_block,0.75,Step 9 | Must Select Stationary or Movable WS mounting for DRX-Evolution Systems,Decision Tree for DRX-Evolution PLUS 202604 Felix review.xlsx,DRX Evolution Plus Automatic,B76,"{""option_group"": ""Must Select Stationary or Movable WS mounting for DRX-Evolution Systems"", ""required_selection_text"": ""Step 9 | Must Select Stationary or Movable WS mounting for DRX-Evolution Systems"", ""step_id"": ""Step 9""}",,must_select,hard_block,,,
dt_review:0331,decision_tree:0331,must_select,normalized_candidate,not_implemented,decision_tree_normalized_candidate,DRX-Evolution Plus,,Step 10,Must Select Collimator,,hard_block,0.75,Step 10 | Must Select Collimator,Decision Tree for DRX-Evolution PLUS 202604 Felix review.xlsx,DRX Evolution Plus Automatic,B82,"{""option_group"": ""Must Select Collimator"", ""required_selection_text"": ""Step 10 | Must Select Collimator"", ""step_id"": ""Step 10""}",,must_select,hard_block,,,
dt_review:0332,decision_tree:0332,note,normalized_candidate,not_implemented,decision_tree_normalized_candidate,DRX-Evolution Plus,1739424,Step 10,Must Select Collimator,,info,0.45,"For Dual Energy - Includes Silver filter. | Not exist in SAP & PLI | Need remove from decision tree | Felix Zhang | No need, will remove from decision tree",Decision Tree for DRX-Evolution PLUS 202604 Felix review.xlsx,DRX Evolution Plus Automatic,B90,"{""message"": ""For Dual Energy - Includes Silver filter. | Not exist in SAP & PLI | Need remove from decision tree | Felix Zhang | No need, will remove from decision tree""}",,note,info,,,
dt_review:0333,decision_tree:0333,note,normalized_candidate,not_implemented,decision_tree_normalized_candidate,DRX-Evolution Plus,,Step 11,Select Application Training Modules,,info,0.45,Step 11 | Select Application Training Modules,Decision Tree for DRX-Evolution PLUS 202604 Felix review.xlsx,DRX Evolution Plus Automatic,B91,"{""message"": ""Step 11 | Select Application Training Modules""}",,note,info,,,
dt_review:0334,decision_tree:0334,note,normalized_candidate,not_implemented,decision_tree_normalized_candidate,DRX-Evolution Plus,,Step 12,Pick any of the following accessories for a DRX-Evolution Plus System,,info,0.45,Step 12 | Pick any of the following accessories for a DRX-Evolution Plus System,Decision Tree for DRX-Evolution PLUS 202604 Felix review.xlsx,DRX Evolution Plus Automatic,B99,"{""message"": ""Step 12 | Pick any of the following accessories for a DRX-Evolution Plus System""}",,note,info,,,
dt_review:0335,decision_tree:0335,note,normalized_candidate,not_implemented,decision_tree_normalized_candidate,DRX-Evolution Plus,8623829,Step 12,Pick any of the following accessories for a DRX-Evolution Plus System,china,info,0.45,New table local China design and Build from Cast | #N/A | Table for Transbay | Need set up in SAP | Albert,Decision Tree for DRX-Evolution PLUS 202604 Felix review.xlsx,DRX Evolution Plus Automatic,B101,"{""message"": ""New table local China design and Build from Cast | #N/A | Table for Transbay | Need set up in SAP | Albert""}",,note,info,,,
dt_review:0336,decision_tree:0336,note,normalized_candidate,not_implemented,decision_tree_normalized_candidate,DRX-Evolution Plus,8624041,Step 12,Pick any of the following accessories for a DRX-Evolution Plus System,,info,0.45,New updated Enaned PC with updated GPU for Smart fetature ( previously was cat# 8602807),Decision Tree for DRX-Evolution PLUS 202604 Felix review.xlsx,DRX Evolution Plus Automatic,B105,"{""message"": ""New updated Enaned PC with updated GPU for Smart fetature ( previously was cat# 8602807)""}",,note,info,,,
dt_review:0337,decision_tree:0337,note,normalized_candidate,not_implemented,decision_tree_normalized_candidate,DRX-Evolution Plus,1423615,Step 12,Pick any of the following accessories for a DRX-Evolution Plus System,,info,0.45,1423615 | Enhances Visualization Processing Plus (EVP+) | 04,Decision Tree for DRX-Evolution PLUS 202604 Felix review.xlsx,DRX Evolution Plus Automatic,B107,"{""message"": ""1423615 | Enhances Visualization Processing Plus (EVP+) | 04""}",,note,info,,,
dt_review:0338,decision_tree:0338,require,normalized_candidate,not_implemented,decision_tree_normalized_candidate,DRX-Evolution Plus,8625154,Step 12,Pick any of the following accessories for a DRX-Evolution Plus System,,hard_block,0.75,Requires Ralco 221 ACS collimator,Decision Tree for DRX-Evolution PLUS 202604 Felix review.xlsx,DRX Evolution Plus Automatic,B117,"{""then"": {""requirement_text"": ""Requires Ralco 221 ACS collimator""}, ""when"": {""product_id"": ""8625154""}}",,require,hard_block,,,
dt_review:0339,decision_tree:0339,note,normalized_candidate,not_implemented,decision_tree_normalized_candidate,DRX-Evolution Plus,8053415,Step 12,Pick any of the following accessories for a DRX-Evolution Plus System,,info,0.45,"AB6717 是LISTEM 床的东西，这个2022年就被CAST 床替代了，这个应该是只有SERVICE 需求的, Service 使用SP自行采购 | Suggest to remove from decision tree | Felix Zhang | No need, will remove from decision tree",Decision Tree for DRX-Evolution PLUS 202604 Felix review.xlsx,DRX Evolution Plus Automatic,B119,"{""message"": ""AB6717 是LISTEM 床的东西，这个2022年就被CAST 床替代了，这个应该是只有SERVICE 需求的, Service 使用SP自行采购 | Suggest to remove from decision tree | Felix Zhang | No need, will remove from decision tree""}",,note,info,,,
dt_review:0340,decision_tree:0340,region_allow,normalized_candidate,not_implemented,decision_tree_normalized_candidate,DRX-Evolution Plus,1001247,Step 12,Pick any of the following accessories for a DRX-Evolution Plus System,us,hard_block,0.9,"includes anchors and fasteners for PDU,Table, and OTC as well as Wallstand. (Required for OSHPD Compliance | #N/A | For US only | No action",Decision Tree for DRX-Evolution PLUS 202604 Felix review.xlsx,DRX Evolution Plus Automatic,B134,"{""allowed_regions"": [""us""], ""source_text"": ""includes anchors and fasteners for PDU,Table, and OTC as well as Wallstand. (Required for OSHPD Compliance | #N/A | For US only | No action""}",,region_allow,hard_block,,,
dt_review:0341,decision_tree:0341,note,normalized_candidate,not_implemented,decision_tree_normalized_candidate,DRX-Evolution Plus,1004548,Step 12,Pick any of the following accessories for a DRX-Evolution Plus System,,info,0.45,1004548 | DR Total Quality Tool - Phantom for use with TQT Option | 04,Decision Tree for DRX-Evolution PLUS 202604 Felix review.xlsx,DRX Evolution Plus Automatic,B136,"{""message"": ""1004548 | DR Total Quality Tool - Phantom for use with TQT Option | 04""}",,note,info,,,
dt_review:0342,decision_tree:0342,note,normalized_candidate,not_implemented,decision_tree_normalized_candidate,DRX-Evolution Plus,1004530,Step 12,Pick any of the following accessories for a DRX-Evolution Plus System,,info,0.45,1004530 | DR Total Quality Tool - Additional TQT Software Option only - DR Detectors | 04,Decision Tree for DRX-Evolution PLUS 202604 Felix review.xlsx,DRX Evolution Plus Automatic,B137,"{""message"": ""1004530 | DR Total Quality Tool - Additional TQT Software Option only - DR Detectors | 04""}",,note,info,,,
dt_review:0343,decision_tree:0343,note,normalized_candidate,not_implemented,decision_tree_normalized_candidate,DRX-Evolution Plus,1015387,Step 12,Pick any of the following accessories for a DRX-Evolution Plus System,,info,0.45,Must be included at time of System order placement,Decision Tree for DRX-Evolution PLUS 202604 Felix review.xlsx,DRX Evolution Plus Automatic,B139,"{""message"": ""Must be included at time of System order placement""}",,note,info,,,
dt_review:0344,decision_tree:0344,note,normalized_candidate,not_implemented,decision_tree_normalized_candidate,DRX-Evolution Plus,8619595,Step 12,Pick any of the following accessories for a DRX-Evolution Plus System,,info,0.45,(only if needed – one per site),Decision Tree for DRX-Evolution PLUS 202604 Felix review.xlsx,DRX Evolution Plus Automatic,B140,"{""message"": ""(only if needed – one per site)""}",,note,info,,,
dt_review:0345,decision_tree:0345,note,normalized_candidate,not_implemented,decision_tree_normalized_candidate,DRX-Evolution Plus,8619702,Step 12,Pick any of the following accessories for a DRX-Evolution Plus System,,info,0.45,(only if needed – one per site),Decision Tree for DRX-Evolution PLUS 202604 Felix review.xlsx,DRX Evolution Plus Automatic,B141,"{""message"": ""(only if needed – one per site)""}",,note,info,,,
dt_review:0346,decision_tree:0346,note,normalized_candidate,not_implemented,decision_tree_normalized_candidate,DRX-Evolution Plus,1051333,Step 12,Pick any of the following accessories for a DRX-Evolution Plus System,,info,0.45,(only if needed),Decision Tree for DRX-Evolution PLUS 202604 Felix review.xlsx,DRX Evolution Plus Automatic,B142,"{""message"": ""(only if needed)""}",,note,info,,,
dt_review:0347,decision_tree:0347,note,normalized_candidate,not_implemented,decision_tree_normalized_candidate,DRX-Evolution Plus,1051291,Step 12,Pick any of the following accessories for a DRX-Evolution Plus System,,info,0.45,(only if needed),Decision Tree for DRX-Evolution PLUS 202604 Felix review.xlsx,DRX Evolution Plus Automatic,B143,"{""message"": ""(only if needed)""}",,note,info,,,
dt_review:0348,decision_tree:0348,require,normalized_candidate,not_implemented,decision_tree_normalized_candidate,DRX-Evolution Plus,8619264,Step 12,Pick any of the following accessories for a DRX-Evolution Plus System,,hard_block,0.75,"(incl. DE collimator, adv apps kit and license) need to change collimator",Decision Tree for DRX-Evolution PLUS 202604 Felix review.xlsx,DRX Evolution Plus Automatic,B144,"{""then"": {""requirement_text"": ""(incl. DE collimator, adv apps kit and license) need to change collimator""}, ""when"": {""product_id"": ""8619264""}}",,require,hard_block,,,
dt_review:0349,decision_tree:0349,note,normalized_candidate,not_implemented,decision_tree_normalized_candidate,DRX-Evolution Plus,8620817,Step 12,Pick any of the following accessories for a DRX-Evolution Plus System,,info,0.45,"8620817 | DUAL ENERGY & DIG TOMO OPT FOR EVO PLUS (incl. DE collimator, bucky lock, adv apps kit and license) | 04",Decision Tree for DRX-Evolution PLUS 202604 Felix review.xlsx,DRX Evolution Plus Automatic,B145,"{""message"": ""8620817 | DUAL ENERGY & DIG TOMO OPT FOR EVO PLUS (incl. DE collimator, bucky lock, adv apps kit and license) | 04""}",,note,info,,,
dt_review:0350,decision_tree:0350,require,normalized_candidate,not_implemented,decision_tree_normalized_candidate,DRX-Evolution Plus,1032457,Step 12,Pick any of the following accessories for a DRX-Evolution Plus System,,hard_block,0.75,1032457 | PROXIMITY BADGE READER (hardware) Requires v5.6 or later | 04,Decision Tree for DRX-Evolution PLUS 202604 Felix review.xlsx,DRX Evolution Plus Automatic,B147,"{""then"": {""requirement_text"": ""1032457 | PROXIMITY BADGE READER (hardware) Requires v5.6 or later | 04""}, ""when"": {""product_id"": ""1032457""}}",,require,hard_block,,,
dt_review:0351,decision_tree:0351,note,normalized_candidate,not_implemented,decision_tree_normalized_candidate,DRX-Evolution Plus,1036540,Step 12,Pick any of the following accessories for a DRX-Evolution Plus System,,info,0.45,ALLOWS THE OPERATOR TO VIEW AN IMAGE PREVIOUSLY ACQUIRED USING QUERY/RETRIEVE FROM PACS.,Decision Tree for DRX-Evolution PLUS 202604 Felix review.xlsx,DRX Evolution Plus Automatic,B149,"{""message"": ""ALLOWS THE OPERATOR TO VIEW AN IMAGE PREVIOUSLY ACQUIRED USING QUERY/RETRIEVE FROM PACS.""}",,note,info,,,
dt_review:0352,decision_tree:0352,warning,normalized_candidate,not_implemented,decision_tree_normalized_candidate,DRX-Evolution Plus,1036565,Step 12,Pick any of the following accessories for a DRX-Evolution Plus System,,warning,0.65,"Formerly DISPLAYS ANATOMY CLIPPING WARNING, CONTRAST TO NOISE RATIO, EXPOSURE DEVIATION INDEX TECH ASSIST CHEST QA SW PACKAGE/FOR DRX-EVOLUTION",Decision Tree for DRX-Evolution PLUS 202604 Felix review.xlsx,DRX Evolution Plus Automatic,B151,"{""message"": ""Formerly DISPLAYS ANATOMY CLIPPING WARNING, CONTRAST TO NOISE RATIO, EXPOSURE DEVIATION INDEX TECH ASSIST CHEST QA SW PACKAGE/FOR DRX-EVOLUTION""}",,warning,warning,,,
dt_review:0353,decision_tree:0353,warning,normalized_candidate,not_implemented,decision_tree_normalized_candidate,DRX-Evolution Plus,8625303,Step 12,Pick any of the following accessories for a DRX-Evolution Plus System,,warning,0.65,Allows patient wrist bans containing 2D bar code information to be utilized to confirm patient identity,Decision Tree for DRX-Evolution PLUS 202604 Felix review.xlsx,DRX Evolution Plus Automatic,B152,"{""message"": ""Allows patient wrist bans containing 2D bar code information to be utilized to confirm patient identity""}",,warning,warning,,,
dt_review:0354,decision_tree:0354,note,normalized_candidate,not_implemented,decision_tree_normalized_candidate,DRX-Evolution Plus,1057322,Step 12,Pick any of the following accessories for a DRX-Evolution Plus System,,info,0.45,"Links 2 CR systems or 1 CR and 1 DR system. (Directview Only) | 0D | No shipment in 1038 from 2019/11/15 | PLM decide needed or not | Felix Zhang | No need, will remove from decision tree",Decision Tree for DRX-Evolution PLUS 202604 Felix review.xlsx,DRX Evolution Plus Automatic,B154,"{""message"": ""Links 2 CR systems or 1 CR and 1 DR system. (Directview Only) | 0D | No shipment in 1038 from 2019/11/15 | PLM decide needed or not | Felix Zhang | No need, will remove from decision tree""}",,note,info,,,
dt_review:0355,decision_tree:0355,note,normalized_candidate,not_implemented,decision_tree_normalized_candidate,DRX-Evolution Plus,1057348,Step 12,Pick any of the following accessories for a DRX-Evolution Plus System,,info,0.45,"Allows the use of touch screen gestures to manipulate the image such as pinch to zoom and rotate | No shipment in 1038 from 2018/9/14 | PLM decide needed or not | Felix Zhang | No need, will remove from decision tree",Decision Tree for DRX-Evolution PLUS 202604 Felix review.xlsx,DRX Evolution Plus Automatic,B156,"{""message"": ""Allows the use of touch screen gestures to manipulate the image such as pinch to zoom and rotate | No shipment in 1038 from 2018/9/14 | PLM decide needed or not | Felix Zhang | No need, will remove from decision tree""}",,note,info,,,
dt_review:0356,decision_tree:0356,note,normalized_candidate,not_implemented,decision_tree_normalized_candidate,DRX-Evolution Plus,,Step 13,Pick any Long Length Imaging Option,,info,0.45,Step 13 | Pick any Long Length Imaging Option,Decision Tree for DRX-Evolution PLUS 202604 Felix review.xlsx,DRX Evolution Plus Automatic,B158,"{""message"": ""Step 13 | Pick any Long Length Imaging Option""}",,note,info,,,
dt_review:0357,decision_tree:0357,note,normalized_candidate,not_implemented,decision_tree_normalized_candidate,DRX-Evolution Plus,8620163,Step 13,Pick any Long Length Imaging Option,us,info,0.45,"Same as Focus Battery | This is US made | Changed to 6701148 | Felix Zhang | yes, will update",Decision Tree for DRX-Evolution PLUS 202604 Felix review.xlsx,DRX Evolution Plus Automatic,B168,"{""message"": ""Same as Focus Battery | This is US made | Changed to 6701148 | Felix Zhang | yes, will update""}",,note,info,,,
dt_review:0358,decision_tree:0358,note,normalized_candidate,not_implemented,decision_tree_normalized_candidate,DRX-Evolution Plus,8620171,Step 13,Pick any Long Length Imaging Option,us,info,0.45,"Same as Focus Charger | This is US made | Changed to 6701155 | Felix Zhang | yes, will update",Decision Tree for DRX-Evolution PLUS 202604 Felix review.xlsx,DRX Evolution Plus Automatic,B169,"{""message"": ""Same as Focus Charger | This is US made | Changed to 6701155 | Felix Zhang | yes, will update""}",,note,info,,,
dt_review:0359,decision_tree:0359,note,normalized_candidate,not_implemented,decision_tree_normalized_candidate,DRX-Evolution Plus,6559199,Step 13,Pick any Long Length Imaging Option,,info,0.45,ExCLUDES LLI GRID ( used with 4343 so no need for special LLI landscape Grid),Decision Tree for DRX-Evolution PLUS 202604 Felix review.xlsx,DRX Evolution Plus Automatic,B171,"{""message"": ""ExCLUDES LLI GRID ( used with 4343 so no need for special LLI landscape Grid)""}",,note,info,,,
dt_review:0360,decision_tree:0360,note,normalized_candidate,not_implemented,decision_tree_normalized_candidate,DRX-Evolution Plus,1013937,Step 13,Pick any Long Length Imaging Option,,info,0.45,1013937 | Long Length Imaging for DRX In room Software Only | 04,Decision Tree for DRX-Evolution PLUS 202604 Felix review.xlsx,DRX Evolution Plus Automatic,B178,"{""message"": ""1013937 | Long Length Imaging for DRX In room Software Only | 04""}",,note,info,,,
dt_review:0361,decision_tree:0361,note,normalized_candidate,not_implemented,decision_tree_normalized_candidate,DRX-Evolution Plus,,Step 14,Pick any Smart Features for a DRX-Evolution Plus System,,info,0.45,Step 14 | Pick any Smart Features for a DRX-Evolution Plus System,Decision Tree for DRX-Evolution PLUS 202604 Felix review.xlsx,DRX Evolution Plus Automatic,B180,"{""message"": ""Step 14 | Pick any Smart Features for a DRX-Evolution Plus System""}",,note,info,,,
dt_review:0362,decision_tree:0362,note,normalized_candidate,not_implemented,decision_tree_normalized_candidate,DRX-Evolution Plus,8623969,Step 14,Pick any Smart Features for a DRX-Evolution Plus System,,info,0.45,"SMART ROOM FOR DRX-COMPASS/FIT / INCL SMART VIDEO ASSIST,AUDIO ASSIST,POSITIONING AND TECHNIQUE FEATURES - Software Options Only Virtual LLI and Virtual Collimation are excluded and require separate CAT#s to order",Decision Tree for DRX-Evolution PLUS 202604 Felix review.xlsx,DRX Evolution Plus Automatic,B182,"{""message"": ""SMART ROOM FOR DRX-COMPASS/FIT / INCL SMART VIDEO ASSIST,AUDIO ASSIST,POSITIONING AND TECHNIQUE FEATURES - Software Options Only Virtual LLI and Virtual Collimation are excluded and require separate CAT#s to order""}",,note,info,,,
dt_review:0363,decision_tree:0363,note,normalized_candidate,not_implemented,decision_tree_normalized_candidate,DRX-Evolution Plus,8623894,Step 14,Pick any Smart Features for a DRX-Evolution Plus System,,info,0.45,"PATIENT VIDEO ASSISTANCE FOR DRX-EVOLUTION PLUS | #N/A | Not exist in 1007, discontinued in 1038 | Suggest to remove from decision tree | Felix Zhang | No need, will remove from decision tree",Decision Tree for DRX-Evolution PLUS 202604 Felix review.xlsx,DRX Evolution Plus Automatic,B183,"{""message"": ""PATIENT VIDEO ASSISTANCE FOR DRX-EVOLUTION PLUS | #N/A | Not exist in 1007, discontinued in 1038 | Suggest to remove from decision tree | Felix Zhang | No need, will remove from decision tree""}",,note,info,,,
dt_review:0364,decision_tree:0364,note,normalized_candidate,not_implemented,decision_tree_normalized_candidate,DRX-Evolution Plus,8623902,Step 14,Pick any Smart Features for a DRX-Evolution Plus System,,info,0.45,"AUDIO ASSISTANCE FOR DRX-EVOLUTION PLUS | #N/A | Not exist in 1007, discontinued in 1038 | Suggest to remove from decision tree | Felix Zhang | No need, will remove from decision tree",Decision Tree for DRX-Evolution PLUS 202604 Felix review.xlsx,DRX Evolution Plus Automatic,B184,"{""message"": ""AUDIO ASSISTANCE FOR DRX-EVOLUTION PLUS | #N/A | Not exist in 1007, discontinued in 1038 | Suggest to remove from decision tree | Felix Zhang | No need, will remove from decision tree""}",,note,info,,,
dt_review:0365,decision_tree:0365,require,normalized_candidate,not_implemented,decision_tree_normalized_candidate,DRX-Evolution Plus,8623910,Step 14,Pick any Smart Features for a DRX-Evolution Plus System,,hard_block,0.75,"PATIENT POSITION MONITORING FOR DRX-EVOLUTION PLUS / REQUIRES 3D CAMERA AND PREMIUM COMPUTER | #N/A | Not exist in 1007, discontinued in 1038 | Suggest to remove from decision tree | Felix Zhang | No need, will remove from decision tree",Decision Tree for DRX-Evolution PLUS 202604 Felix review.xlsx,DRX Evolution Plus Automatic,B185,"{""then"": {""requirement_text"": ""PATIENT POSITION MONITORING FOR DRX-EVOLUTION PLUS / REQUIRES 3D CAMERA AND PREMIUM COMPUTER | #N/A | Not exist in 1007, discontinued in 1038 | Suggest to remove from decision tree | Felix Zhang | No need, will remove from decision tree""}, ""when"": {""product_id"": ""8623910""}}",,require,hard_block,,,
dt_review:0366,decision_tree:0366,require,normalized_candidate,not_implemented,decision_tree_normalized_candidate,DRX-Evolution Plus,8623928,Step 14,Pick any Smart Features for a DRX-Evolution Plus System,,hard_block,0.75,"SMART AUTO POSITION FOR DRX-EVOLUTION PLUS / REQUIRES 3D CAMERAS | #N/A | Not exist in 1007, discontinued in 1038 | Suggest to remove from decision tree | Felix Zhang | No need, will remove from decision tree",Decision Tree for DRX-Evolution PLUS 202604 Felix review.xlsx,DRX Evolution Plus Automatic,B186,"{""then"": {""requirement_text"": ""SMART AUTO POSITION FOR DRX-EVOLUTION PLUS / REQUIRES 3D CAMERAS | #N/A | Not exist in 1007, discontinued in 1038 | Suggest to remove from decision tree | Felix Zhang | No need, will remove from decision tree""}, ""when"": {""product_id"": ""8623928""}}",,require,hard_block,,,
dt_review:0367,decision_tree:0367,require,normalized_candidate,not_implemented,decision_tree_normalized_candidate,DRX-Evolution Plus,8623936,Step 14,Pick any Smart Features for a DRX-Evolution Plus System,,hard_block,0.75,"SMART TECHNIQUE FOR DRX-EVOLUTION PLUS / REQUIRES 3D CAMERAS AND PREMIUM COMPUTER | #N/A | Not exist in 1007, discontinued in 1038 | Suggest to remove from decision tree | Felix Zhang | No need, will remove from decision tree",Decision Tree for DRX-Evolution PLUS 202604 Felix review.xlsx,DRX Evolution Plus Automatic,B187,"{""then"": {""requirement_text"": ""SMART TECHNIQUE FOR DRX-EVOLUTION PLUS / REQUIRES 3D CAMERAS AND PREMIUM COMPUTER | #N/A | Not exist in 1007, discontinued in 1038 | Suggest to remove from decision tree | Felix Zhang | No need, will remove from decision tree""}, ""when"": {""product_id"": ""8623936""}}",,require,hard_block,,,
dt_review:0368,decision_tree:0368,require,normalized_candidate,not_implemented,decision_tree_normalized_candidate,DRX-Evolution Plus,8623944,Step 14,Pick any Smart Features for a DRX-Evolution Plus System,,hard_block,0.75,"SMART PATIENT POSITIONING FOR DRX-EVOLUTION PLUS / REQUIRES 3D CAMERAS AND PREMIUM COMPUTER | #N/A | Not exist in 1007, discontinued in 1038 | Suggest to remove from decision tree | Felix Zhang | No need, will remove from decision tree",Decision Tree for DRX-Evolution PLUS 202604 Felix review.xlsx,DRX Evolution Plus Automatic,B188,"{""then"": {""requirement_text"": ""SMART PATIENT POSITIONING FOR DRX-EVOLUTION PLUS / REQUIRES 3D CAMERAS AND PREMIUM COMPUTER | #N/A | Not exist in 1007, discontinued in 1038 | Suggest to remove from decision tree | Felix Zhang | No need, will remove from decision tree""}, ""when"": {""product_id"": ""8623944""}}",,require,hard_block,,,
dt_review:0369,decision_tree:0369,require,normalized_candidate,not_implemented,decision_tree_normalized_candidate,DRX-Evolution Plus,8623951,Step 14,Pick any Smart Features for a DRX-Evolution Plus System,,hard_block,0.75,"SMART COLLIMATION FOR DRX-EVOLUTION PLUS / REQUIRES 3D CAMERAS AND PREMIUM COMPUTER | #N/A | Not exist in 1007, discontinued in 1038 | Suggest to remove from decision tree | Felix Zhang | No need, will remove from decision tree",Decision Tree for DRX-Evolution PLUS 202604 Felix review.xlsx,DRX Evolution Plus Automatic,B189,"{""then"": {""requirement_text"": ""SMART COLLIMATION FOR DRX-EVOLUTION PLUS / REQUIRES 3D CAMERAS AND PREMIUM COMPUTER | #N/A | Not exist in 1007, discontinued in 1038 | Suggest to remove from decision tree | Felix Zhang | No need, will remove from decision tree""}, ""when"": {""product_id"": ""8623951""}}",,require,hard_block,,,
dt_review:0370,decision_tree:0370,require,normalized_candidate,not_implemented,decision_tree_normalized_candidate,DRX-Evolution Plus,8623977,Step 14,Pick any Smart Features for a DRX-Evolution Plus System,,hard_block,0.75,SMART NOISE CANCELLATION FOR DRX-EVOLUTION PLUS / REQUIRES PREMIUM COMPUTER,Decision Tree for DRX-Evolution PLUS 202604 Felix review.xlsx,DRX Evolution Plus Automatic,B190,"{""then"": {""requirement_text"": ""SMART NOISE CANCELLATION FOR DRX-EVOLUTION PLUS / REQUIRES PREMIUM COMPUTER""}, ""when"": {""product_id"": ""8623977""}}",,require,hard_block,,,
dt_review:0371,decision_tree:0371,require,normalized_candidate,not_implemented,decision_tree_normalized_candidate,DRX-Evolution Plus,1002641,Step 14,Pick any Smart Features for a DRX-Evolution Plus System,,hard_block,0.75,"Not in decision tree | Check if need to add in Decision tree | Felix Zhang | Yes, needed",Decision Tree for DRX-Evolution PLUS 202604 Felix review.xlsx,DRX Evolution Plus Automatic,B202,"{""then"": {""requirement_text"": ""Not in decision tree | Check if need to add in Decision tree | Felix Zhang | Yes, needed""}, ""when"": {""product_id"": ""1002641""}}",,require,hard_block,,,
dt_review:0372,decision_tree:0372,require,normalized_candidate,not_implemented,decision_tree_normalized_candidate,DRX-Evolution Plus,1038546,Step 14,Pick any Smart Features for a DRX-Evolution Plus System,,hard_block,0.75,"Not in decision tree | Check if need to add in Decision tree | Felix zhang | Yes, needed",Decision Tree for DRX-Evolution PLUS 202604 Felix review.xlsx,DRX Evolution Plus Automatic,B203,"{""then"": {""requirement_text"": ""Not in decision tree | Check if need to add in Decision tree | Felix zhang | Yes, needed""}, ""when"": {""product_id"": ""1038546""}}",,require,hard_block,,,
dt_review:0373,decision_tree:0373,require,normalized_candidate,not_implemented,decision_tree_normalized_candidate,DRX-Evolution Plus,1745595,Step 14,Pick any Smart Features for a DRX-Evolution Plus System,,hard_block,0.75,"Not in decision tree | Check if need to add in Decision tree | Felix zhang | Yes, needed",Decision Tree for DRX-Evolution PLUS 202604 Felix review.xlsx,DRX Evolution Plus Automatic,B204,"{""then"": {""requirement_text"": ""Not in decision tree | Check if need to add in Decision tree | Felix zhang | Yes, needed""}, ""when"": {""product_id"": ""1745595""}}",,require,hard_block,,,
dt_review:0374,decision_tree:0374,require,normalized_candidate,not_implemented,decision_tree_normalized_candidate,DRX-Evolution Plus,1746122,Step 14,Pick any Smart Features for a DRX-Evolution Plus System,,hard_block,0.75,"Not in decision tree | Check if need to add in Decision tree | Felix zhang | Yes, needed",Decision Tree for DRX-Evolution PLUS 202604 Felix review.xlsx,DRX Evolution Plus Automatic,B205,"{""then"": {""requirement_text"": ""Not in decision tree | Check if need to add in Decision tree | Felix zhang | Yes, needed""}, ""when"": {""product_id"": ""1746122""}}",,require,hard_block,,,
dt_review:0375,decision_tree:0375,require,normalized_candidate,not_implemented,decision_tree_normalized_candidate,DRX-Evolution Plus,8615635,Step 14,Pick any Smart Features for a DRX-Evolution Plus System,,hard_block,0.75,"Not in decision tree | Check if need to add in Decision tree | Felix zhang | NO, not for decision tree, only upgrade",Decision Tree for DRX-Evolution PLUS 202604 Felix review.xlsx,DRX Evolution Plus Automatic,B206,"{""then"": {""requirement_text"": ""Not in decision tree | Check if need to add in Decision tree | Felix zhang | NO, not for decision tree, only upgrade""}, ""when"": {""product_id"": ""8615635""}}",,require,hard_block,,,
dt_review:0376,decision_tree:0376,require,normalized_candidate,not_implemented,decision_tree_normalized_candidate,DRX-Evolution Plus,1746148,Step 14,Pick any Smart Features for a DRX-Evolution Plus System,,hard_block,0.75,"Not in decision tree | Check if need to add in Decision tree | Felix zhang | Yes, needed",Decision Tree for DRX-Evolution PLUS 202604 Felix review.xlsx,DRX Evolution Plus Automatic,B207,"{""then"": {""requirement_text"": ""Not in decision tree | Check if need to add in Decision tree | Felix zhang | Yes, needed""}, ""when"": {""product_id"": ""1746148""}}",,require,hard_block,,,
dt_review:0377,decision_tree:0377,require,normalized_candidate,not_implemented,decision_tree_normalized_candidate,DRX-Evolution Plus,1038553,Step 14,Pick any Smart Features for a DRX-Evolution Plus System,,hard_block,0.75,"Not in decision tree | Check if need to add in Decision tree | Felix zhang | Yes, needed",Decision Tree for DRX-Evolution PLUS 202604 Felix review.xlsx,DRX Evolution Plus Automatic,B208,"{""then"": {""requirement_text"": ""Not in decision tree | Check if need to add in Decision tree | Felix zhang | Yes, needed""}, ""when"": {""product_id"": ""1038553""}}",,require,hard_block,,,
dt_review:0378,decision_tree:0378,require,normalized_candidate,not_implemented,decision_tree_normalized_candidate,DRX-Evolution Plus,8628844,Step 14,Pick any Smart Features for a DRX-Evolution Plus System,,hard_block,0.75,"Not in decision tree | Check if need to add in Decision tree | Felix zhang | Yes, needed",Decision Tree for DRX-Evolution PLUS 202604 Felix review.xlsx,DRX Evolution Plus Automatic,B209,"{""then"": {""requirement_text"": ""Not in decision tree | Check if need to add in Decision tree | Felix zhang | Yes, needed""}, ""when"": {""product_id"": ""8628844""}}",,require,hard_block,,,
dt_review:0379,decision_tree:0379,require,normalized_candidate,not_implemented,decision_tree_normalized_candidate,DRX-Evolution Plus,1013614,Step 14,Pick any Smart Features for a DRX-Evolution Plus System,,hard_block,0.75,"Not in decision tree | Check if need to add in Decision tree | Felix zhang | NO, not for decision tree, only upgrade",Decision Tree for DRX-Evolution PLUS 202604 Felix review.xlsx,DRX Evolution Plus Automatic,B210,"{""then"": {""requirement_text"": ""Not in decision tree | Check if need to add in Decision tree | Felix zhang | NO, not for decision tree, only upgrade""}, ""when"": {""product_id"": ""1013614""}}",,require,hard_block,,,
dt_review:0380,decision_tree:0380,require,normalized_candidate,not_implemented,decision_tree_normalized_candidate,DRX-Evolution Plus,1061902,Step 14,Pick any Smart Features for a DRX-Evolution Plus System,,hard_block,0.75,"Not in decision tree | Check if need to add in Decision tree | Felix zhang | Yes, needed",Decision Tree for DRX-Evolution PLUS 202604 Felix review.xlsx,DRX Evolution Plus Automatic,B211,"{""then"": {""requirement_text"": ""Not in decision tree | Check if need to add in Decision tree | Felix zhang | Yes, needed""}, ""when"": {""product_id"": ""1061902""}}",,require,hard_block,,,
dt_review:0381,decision_tree:0381,require,normalized_candidate,not_implemented,decision_tree_normalized_candidate,DRX-Evolution Plus,1260777,Step 14,Pick any Smart Features for a DRX-Evolution Plus System,,hard_block,0.75,"Not in decision tree | Check if need to add in Decision tree | Felix zhang | NO, not for decision tree, only upgrade",Decision Tree for DRX-Evolution PLUS 202604 Felix review.xlsx,DRX Evolution Plus Automatic,B212,"{""then"": {""requirement_text"": ""Not in decision tree | Check if need to add in Decision tree | Felix zhang | NO, not for decision tree, only upgrade""}, ""when"": {""product_id"": ""1260777""}}",,require,hard_block,,,
dt_review:0382,decision_tree:0382,require,normalized_candidate,not_implemented,decision_tree_normalized_candidate,DRX-Evolution Plus,1739259,Step 14,Pick any Smart Features for a DRX-Evolution Plus System,,hard_block,0.75,"Not in decision tree | Check if need to add in Decision tree | Felix zhang | NO, not for decision tree, only upgrade",Decision Tree for DRX-Evolution PLUS 202604 Felix review.xlsx,DRX Evolution Plus Automatic,B213,"{""then"": {""requirement_text"": ""Not in decision tree | Check if need to add in Decision tree | Felix zhang | NO, not for decision tree, only upgrade""}, ""when"": {""product_id"": ""1739259""}}",,require,hard_block,,,
dt_review:0383,decision_tree:0383,require,normalized_candidate,not_implemented,decision_tree_normalized_candidate,DRX-Evolution Plus,1808047,Step 14,Pick any Smart Features for a DRX-Evolution Plus System,,hard_block,0.75,"Not in decision tree | Check if need to add in Decision tree | Felix zhang | NO, not for decision tree, only upgrade",Decision Tree for DRX-Evolution PLUS 202604 Felix review.xlsx,DRX Evolution Plus Automatic,B214,"{""then"": {""requirement_text"": ""Not in decision tree | Check if need to add in Decision tree | Felix zhang | NO, not for decision tree, only upgrade""}, ""when"": {""product_id"": ""1808047""}}",,require,hard_block,,,
dt_review:0384,decision_tree:0384,region_block,normalized_candidate,not_implemented,decision_tree_normalized_candidate,DRX-Evolution Plus,6708937,Step 14,Pick any Smart Features for a DRX-Evolution Plus System,china,hard_block,0.75,"Not in decision tree | Check if need to add in Decision tree | Felix zhang | NO, not for decision tree, it's for China config CAT",Decision Tree for DRX-Evolution PLUS 202604 Felix review.xlsx,DRX Evolution Plus Automatic,B215,"{""blocked_regions"": [""china""], ""source_text"": ""Not in decision tree | Check if need to add in Decision tree | Felix zhang | NO, not for decision tree, it's for China config CAT""}",,region_block,hard_block,,,
dt_review:0385,decision_tree:0385,region_block,normalized_candidate,not_implemented,decision_tree_normalized_candidate,DRX-Evolution Plus,6708952,Step 14,Pick any Smart Features for a DRX-Evolution Plus System,china,hard_block,0.75,"Not in decision tree | Check if need to add in Decision tree | Felix zhang | NO, not for decision tree, it's for China config CAT",Decision Tree for DRX-Evolution PLUS 202604 Felix review.xlsx,DRX Evolution Plus Automatic,B216,"{""blocked_regions"": [""china""], ""source_text"": ""Not in decision tree | Check if need to add in Decision tree | Felix zhang | NO, not for decision tree, it's for China config CAT""}",,region_block,hard_block,,,
dt_review:0386,decision_tree:0386,require,normalized_candidate,not_implemented,decision_tree_normalized_candidate,DRX-Evolution Plus,8607624,Step 14,Pick any Smart Features for a DRX-Evolution Plus System,,hard_block,0.75,"Not in decision tree | Check if need to add in Decision tree | Felix zhang | Yes, needed",Decision Tree for DRX-Evolution PLUS 202604 Felix review.xlsx,DRX Evolution Plus Automatic,B217,"{""then"": {""requirement_text"": ""Not in decision tree | Check if need to add in Decision tree | Felix zhang | Yes, needed""}, ""when"": {""product_id"": ""8607624""}}",,require,hard_block,,,
dt_review:0387,decision_tree:0387,require,normalized_candidate,not_implemented,decision_tree_normalized_candidate,DRX-Evolution Plus,8607632,Step 14,Pick any Smart Features for a DRX-Evolution Plus System,,hard_block,0.75,"Not in decision tree | Check if need to add in Decision tree | Felix zhang | NO, not for decision tree, only upgrade",Decision Tree for DRX-Evolution PLUS 202604 Felix review.xlsx,DRX Evolution Plus Automatic,B218,"{""then"": {""requirement_text"": ""Not in decision tree | Check if need to add in Decision tree | Felix zhang | NO, not for decision tree, only upgrade""}, ""when"": {""product_id"": ""8607632""}}",,require,hard_block,,,
dt_review:0388,decision_tree:0388,region_block,normalized_candidate,not_implemented,decision_tree_normalized_candidate,DRX-Evolution Plus,8609521,Step 14,Pick any Smart Features for a DRX-Evolution Plus System,china,hard_block,0.75,"Not in decision tree | Check if need to add in Decision tree | Felix zhang | NO, not for decision tree, it's for China config CAT",Decision Tree for DRX-Evolution PLUS 202604 Felix review.xlsx,DRX Evolution Plus Automatic,B219,"{""blocked_regions"": [""china""], ""source_text"": ""Not in decision tree | Check if need to add in Decision tree | Felix zhang | NO, not for decision tree, it's for China config CAT""}",,region_block,hard_block,,,
dt_review:0389,decision_tree:0389,require,normalized_candidate,not_implemented,decision_tree_normalized_candidate,DRX-Evolution Plus,8618779,Step 14,Pick any Smart Features for a DRX-Evolution Plus System,,hard_block,0.75,"Not in decision tree | Check if need to add in Decision tree | Felix zhang | NO, not for decision tree, only upgrade",Decision Tree for DRX-Evolution PLUS 202604 Felix review.xlsx,DRX Evolution Plus Automatic,B220,"{""then"": {""requirement_text"": ""Not in decision tree | Check if need to add in Decision tree | Felix zhang | NO, not for decision tree, only upgrade""}, ""when"": {""product_id"": ""8618779""}}",,require,hard_block,,,
dt_review:0390,decision_tree:0390,require,normalized_candidate,not_implemented,decision_tree_normalized_candidate,DRX-Evolution Plus,8618795,Step 14,Pick any Smart Features for a DRX-Evolution Plus System,,hard_block,0.75,"Not in decision tree | Check if need to add in Decision tree | Felix zhang | NO, not for decision tree, only upgrade",Decision Tree for DRX-Evolution PLUS 202604 Felix review.xlsx,DRX Evolution Plus Automatic,B221,"{""then"": {""requirement_text"": ""Not in decision tree | Check if need to add in Decision tree | Felix zhang | NO, not for decision tree, only upgrade""}, ""when"": {""product_id"": ""8618795""}}",,require,hard_block,,,
dt_review:0391,decision_tree:0391,require,normalized_candidate,not_implemented,decision_tree_normalized_candidate,DRX-Evolution Plus,8619603,Step 14,Pick any Smart Features for a DRX-Evolution Plus System,,hard_block,0.75,"Not in decision tree | Check if need to add in Decision tree | Felix zhang | NO, not for decision tree, only upgrade",Decision Tree for DRX-Evolution PLUS 202604 Felix review.xlsx,DRX Evolution Plus Automatic,B222,"{""then"": {""requirement_text"": ""Not in decision tree | Check if need to add in Decision tree | Felix zhang | NO, not for decision tree, only upgrade""}, ""when"": {""product_id"": ""8619603""}}",,require,hard_block,,,
dt_review:0392,decision_tree:0392,require,normalized_candidate,not_implemented,decision_tree_normalized_candidate,DRX-Evolution Plus,8619629,Step 14,Pick any Smart Features for a DRX-Evolution Plus System,,hard_block,0.75,"Not in decision tree | Check if need to add in Decision tree | Felix zhang | NO, not for decision tree, only upgrade",Decision Tree for DRX-Evolution PLUS 202604 Felix review.xlsx,DRX Evolution Plus Automatic,B223,"{""then"": {""requirement_text"": ""Not in decision tree | Check if need to add in Decision tree | Felix zhang | NO, not for decision tree, only upgrade""}, ""when"": {""product_id"": ""8619629""}}",,require,hard_block,,,
dt_review:0393,decision_tree:0393,require,normalized_candidate,not_implemented,decision_tree_normalized_candidate,DRX-Evolution Plus,8619678,Step 14,Pick any Smart Features for a DRX-Evolution Plus System,,hard_block,0.75,"Not in decision tree | Check if need to add in Decision tree | Felix zhang | NO, not for decision tree, only upgrade",Decision Tree for DRX-Evolution PLUS 202604 Felix review.xlsx,DRX Evolution Plus Automatic,B224,"{""then"": {""requirement_text"": ""Not in decision tree | Check if need to add in Decision tree | Felix zhang | NO, not for decision tree, only upgrade""}, ""when"": {""product_id"": ""8619678""}}",,require,hard_block,,,
dt_review:0394,decision_tree:0394,require,normalized_candidate,not_implemented,decision_tree_normalized_candidate,DRX-Evolution Plus,8623464,Step 14,Pick any Smart Features for a DRX-Evolution Plus System,,hard_block,0.75,Not in decision tree | Check if need to add in Decision tree | Felix zhang | No， use 1745595,Decision Tree for DRX-Evolution PLUS 202604 Felix review.xlsx,DRX Evolution Plus Automatic,B225,"{""then"": {""requirement_text"": ""Not in decision tree | Check if need to add in Decision tree | Felix zhang | No， use 1745595""}, ""when"": {""product_id"": ""8623464""}}",,require,hard_block,,,
dt_review:0395,decision_tree:0395,require,normalized_candidate,not_implemented,decision_tree_normalized_candidate,DRX-Evolution Plus,8623837,Step 14,Pick any Smart Features for a DRX-Evolution Plus System,,hard_block,0.75,Not in decision tree | Check if need to add in Decision tree | Felix zhang | No need,Decision Tree for DRX-Evolution PLUS 202604 Felix review.xlsx,DRX Evolution Plus Automatic,B226,"{""then"": {""requirement_text"": ""Not in decision tree | Check if need to add in Decision tree | Felix zhang | No need""}, ""when"": {""product_id"": ""8623837""}}",,require,hard_block,,,
dt_review:0396,decision_tree:0396,require,normalized_candidate,not_implemented,decision_tree_normalized_candidate,DRX-Evolution Plus,8624066,Step 14,Pick any Smart Features for a DRX-Evolution Plus System,,hard_block,0.75,Not in decision tree | Check if need to add in Decision tree | Felix zhang | No need,Decision Tree for DRX-Evolution PLUS 202604 Felix review.xlsx,DRX Evolution Plus Automatic,B227,"{""then"": {""requirement_text"": ""Not in decision tree | Check if need to add in Decision tree | Felix zhang | No need""}, ""when"": {""product_id"": ""8624066""}}",,require,hard_block,,,
dt_review:0397,decision_tree:0397,require,normalized_candidate,not_implemented,decision_tree_normalized_candidate,DRX-Evolution Plus,8628794,Step 14,Pick any Smart Features for a DRX-Evolution Plus System,,hard_block,0.75,"Not in decision tree | Check if need to add in Decision tree | Felix zhang | Yes, needed",Decision Tree for DRX-Evolution PLUS 202604 Felix review.xlsx,DRX Evolution Plus Automatic,B228,"{""then"": {""requirement_text"": ""Not in decision tree | Check if need to add in Decision tree | Felix zhang | Yes, needed""}, ""when"": {""product_id"": ""8628794""}}",,require,hard_block,,,
dt_review:0398,decision_tree:0398,require,normalized_candidate,not_implemented,decision_tree_normalized_candidate,DRX-Evolution Plus,8628802,Step 14,Pick any Smart Features for a DRX-Evolution Plus System,,hard_block,0.75,"Not in decision tree | Check if need to add in Decision tree | Felix zhang | Yes, needed",Decision Tree for DRX-Evolution PLUS 202604 Felix review.xlsx,DRX Evolution Plus Automatic,B229,"{""then"": {""requirement_text"": ""Not in decision tree | Check if need to add in Decision tree | Felix zhang | Yes, needed""}, ""when"": {""product_id"": ""8628802""}}",,require,hard_block,,,
dt_review:0399,decision_tree:0399,require,normalized_candidate,not_implemented,decision_tree_normalized_candidate,DRX-Evolution Plus,8628810,Step 14,Pick any Smart Features for a DRX-Evolution Plus System,,hard_block,0.75,"Not in decision tree | Check if need to add in Decision tree | Felix zhang | Yes, needed",Decision Tree for DRX-Evolution PLUS 202604 Felix review.xlsx,DRX Evolution Plus Automatic,B230,"{""then"": {""requirement_text"": ""Not in decision tree | Check if need to add in Decision tree | Felix zhang | Yes, needed""}, ""when"": {""product_id"": ""8628810""}}",,require,hard_block,,,
dt_review:0400,decision_tree:0400,require,normalized_candidate,not_implemented,decision_tree_normalized_candidate,DRX-Evolution Plus,8628851,Step 14,Pick any Smart Features for a DRX-Evolution Plus System,,hard_block,0.75,"Not in decision tree | Check if need to add in Decision tree | Felix zhang | Yes, needed",Decision Tree for DRX-Evolution PLUS 202604 Felix review.xlsx,DRX Evolution Plus Automatic,B231,"{""then"": {""requirement_text"": ""Not in decision tree | Check if need to add in Decision tree | Felix zhang | Yes, needed""}, ""when"": {""product_id"": ""8628851""}}",,require,hard_block,,,
dt_review:0401,decision_tree:0401,require,normalized_candidate,not_implemented,decision_tree_normalized_candidate,DRX-Evolution Plus,8658189,Step 14,Pick any Smart Features for a DRX-Evolution Plus System,,hard_block,0.75,"Not in decision tree | Check if need to add in Decision tree | Felix zhang | Yes, needed",Decision Tree for DRX-Evolution PLUS 202604 Felix review.xlsx,DRX Evolution Plus Automatic,B232,"{""then"": {""requirement_text"": ""Not in decision tree | Check if need to add in Decision tree | Felix zhang | Yes, needed""}, ""when"": {""product_id"": ""8658189""}}",,require,hard_block,,,
