review_id,rule_id,rule_type,current_review_status,engine_status,review_reason,product_id,step_id,applies_to_step_id,regions,strength,confidence,message,source_sheet,source_cell,review_decision,final_rule_type,final_effect,normalized_payload,reviewer,reviewed_at,review_notes
review:0001,DRX-Compass FMT WW!E10:6704878:free_text_constraint,free_text_constraint,needs_review,not_implemented,natural_language_constraint_needs_normalization,6704878,fmt_step_1a,,,unknown,0.6,"Select proper system Hub base system based upon Analog or Digital requirements Includes: - DRX Console for use with any Digital Detector - PDU Base for any Power generator, - Engage Flex Pro 512 GB -Detector Calibration kit with Phantom",DRX-Compass FMT WW,E10,,review_needed,review_needed,,,,
review:0002,DRX-Compass FMT WW!D12:step_rule,region_only,auto_approved,not_implemented,region_part_implemented_review_extra_text,,,,,hard_block,0.9,Select Branding Kit - US Region Only,DRX-Compass FMT WW,D12,,region_allow,hard_block,,,,
review:0003,DRX-Compass FMT WW!B14:any_one_of_n,any_one_of_n,auto_approved,not_implemented,not_yet_implemented_option_cardinality,,,fmt_step_1b,,hard_block,0.95,Any one of the 2,DRX-Compass FMT WW,B14,,choose_one,hard_block,,,,
review:0004,DRX-Compass FMT WW!D14:6703656:free_text_constraint,free_text_constraint,needs_review,not_implemented,natural_language_constraint_needs_normalization,6703656,fmt_step_1b,,,hard_block,0.6,BRANDING KIT DR-FIT TABLE ONLY,DRX-Compass FMT WW,D14,,review_needed,review_needed,,,,
review:0005,DRX-Compass FMT WW!E14:6703656:free_text_constraint,free_text_constraint,needs_review,partially_implemented_region_rule,natural_language_constraint_needs_normalization,6703656,fmt_step_1b,,C;US,hard_block,0.6,Fit Branding Kits are for Dealer Only and always include with Parts Warranty Only Systems Currently US & C Only,DRX-Compass FMT WW,E14,,review_needed,review_needed,,,,
review:0006,DRX-Compass FMT WW!F14:6703656:any_one_of_n,any_one_of_n,auto_approved,not_implemented,not_yet_implemented_option_cardinality,6703656,fmt_step_1b,,,hard_block,0.9,Any one of the 2: It's only Table or WS. Selecting both: It's normal system,DRX-Compass FMT WW,F14,,choose_one,hard_block,,,,
review:0007,DRX-Compass FMT WW!D15:6703680:free_text_constraint,free_text_constraint,needs_review,not_implemented,natural_language_constraint_needs_normalization,6703680,fmt_step_1b,,,hard_block,0.6,BRANDING DRX-COMPASS TABLE ONLY,DRX-Compass FMT WW,D15,,review_needed,review_needed,,,,
review:0008,DRX-Compass FMT WW!E15:6703680:free_text_constraint,free_text_constraint,needs_review,not_implemented,natural_language_constraint_needs_normalization,6703680,fmt_step_1b,,,hard_block,0.6,Compass Branding Kits are for Direct or Dealer Systems and may include either Full I & W OR Parts Warranty Only,DRX-Compass FMT WW,E15,,review_needed,review_needed,,,,
review:0009,DRX-Compass FMT WW!B16:any_one_of_n,any_one_of_n,auto_approved,not_implemented,not_yet_implemented_option_cardinality,,,fmt_step_1b,,hard_block,0.95,Any one of the 2,DRX-Compass FMT WW,B16,,choose_one,hard_block,,,,
review:0010,DRX-Compass FMT WW!D16:6704456:free_text_constraint,free_text_constraint,needs_review,not_implemented,natural_language_constraint_needs_normalization,6704456,fmt_step_1b,,,hard_block,0.6,BRANDING DR-FIT TS & WS ONLY,DRX-Compass FMT WW,D16,,review_needed,review_needed,,,,
review:0011,DRX-Compass FMT WW!E16:6704456:free_text_constraint,free_text_constraint,needs_review,partially_implemented_region_rule,natural_language_constraint_needs_normalization,6704456,fmt_step_1b,,C;US,hard_block,0.6,Fit Branding Kits are for Dealer Only and always include with Parts Warranty Only Systems Currently US & C Only,DRX-Compass FMT WW,E16,,review_needed,review_needed,,,,
review:0012,DRX-Compass FMT WW!D17:6704464:free_text_constraint,free_text_constraint,needs_review,not_implemented,natural_language_constraint_needs_normalization,6704464,fmt_step_1b,,,hard_block,0.6,BRANDING DRX-COMPASS TS & WS ONLY,DRX-Compass FMT WW,D17,,review_needed,review_needed,,,,
review:0013,DRX-Compass FMT WW!E17:6704464:free_text_constraint,free_text_constraint,needs_review,not_implemented,natural_language_constraint_needs_normalization,6704464,fmt_step_1b,,,hard_block,0.6,Compass Branding Kits are for Direct or Dealer Systems and may include either Full I & W OR Parts Warranty Only,DRX-Compass FMT WW,E17,,review_needed,review_needed,,,,
review:0014,DRX-Compass FMT WW!B18:any_one_of_n,any_one_of_n,auto_approved,not_implemented,not_yet_implemented_option_cardinality,,,fmt_step_1b,,hard_block,0.95,Any one of the 2,DRX-Compass FMT WW,B18,,choose_one,hard_block,,,,
review:0015,DRX-Compass FMT WW!D18:6705305:free_text_constraint,free_text_constraint,needs_review,not_implemented,natural_language_constraint_needs_normalization,6705305,fmt_step_1b,,,hard_block,0.6,BRANDING DRX-FIT FMT ONLY,DRX-Compass FMT WW,D18,,review_needed,review_needed,,,,
review:0016,DRX-Compass FMT WW!E18:6705305:free_text_constraint,free_text_constraint,needs_review,partially_implemented_region_rule,natural_language_constraint_needs_normalization,6705305,fmt_step_1b,,C;US,hard_block,0.6,Fit Branding Kits are for Dealer Only and always include with Parts Warranty Only Systems Currently US & C Only,DRX-Compass FMT WW,E18,,review_needed,review_needed,,,,
review:0017,DRX-Compass FMT WW!F18:6705305:free_text_constraint,free_text_constraint,needs_review,not_implemented,natural_language_constraint_needs_normalization,6705305,fmt_step_1b,,,hard_block,0.6,For Tubestand Only System Step 4c/9/10/11/12/13 don't be selected,DRX-Compass FMT WW,F18,,review_needed,review_needed,,,,
review:0018,DRX-Compass FMT WW!D19:6705313:free_text_constraint,free_text_constraint,needs_review,not_implemented,natural_language_constraint_needs_normalization,6705313,fmt_step_1b,,,hard_block,0.6,BRANDING DRX-COMPASS FMT ONLY,DRX-Compass FMT WW,D19,,review_needed,review_needed,,,,
review:0019,DRX-Compass FMT WW!E19:6705313:free_text_constraint,free_text_constraint,needs_review,not_implemented,natural_language_constraint_needs_normalization,6705313,fmt_step_1b,,,hard_block,0.6,Compass Branding Kits are for Direct or Dealer Systems and may include either Full I & W OR Parts Warranty Only,DRX-Compass FMT WW,E19,,review_needed,review_needed,,,,
review:0020,DRX-Compass FMT WW!D21:step_rule,must_select,auto_approved,not_implemented,not_yet_implemented_required_selection,,,,,hard_block,0.9,Must Select Generator,DRX-Compass FMT WW,D21,,must_select,hard_block,,,,
review:0021,DRX-Compass FMT WW!B23:any_one_of_n,any_one_of_n,auto_approved,not_implemented,not_yet_implemented_option_cardinality,,,fmt_step_2,,hard_block,0.95,Any one of the 6,DRX-Compass FMT WW,B23,,choose_one,hard_block,,,,
review:0022,DRX-Compass FMT WW!D30:step_rule,must_select,auto_approved,not_implemented,not_yet_implemented_required_selection,,,,,hard_block,0.9,Must Select Floor Mount Tube Stand (FMT) type,DRX-Compass FMT WW,D30,,must_select,hard_block,,,,
review:0023,DRX-Compass FMT WW!B32:any_one_of_n,any_one_of_n,auto_approved,not_implemented,not_yet_implemented_option_cardinality,,,fmt_step_3,,hard_block,0.95,Any one of the 3,DRX-Compass FMT WW,B32,,choose_one,hard_block,,,,
review:0024,DRX-Compass FMT WW!F32:6704522:must_select,must_select,auto_approved,not_implemented,not_yet_implemented_required_selection,6704522,fmt_step_3,,,hard_block,0.9,For Analog system Only select: Step 9a 6704993 or No WS Step 11a 6705032 or 6705040 or No Tabel For Digital system must be select: Step 9a 6705214 or No WS Step 11a 6701676 or 6705222 or No Table,DRX-Compass FMT WW,F32,,must_select,hard_block,,,,
review:0025,DRX-Compass FMT WW!F33:6704530:free_text_constraint,free_text_constraint,needs_review,not_implemented,natural_language_constraint_needs_normalization,6704530,fmt_step_3,,,hard_block,0.6,For Digital system only select: Step 9a 6701585 or 6701593 or 8621765 or 8621773 or No WS Step 11a 6701668 or 6701692 or No Table,DRX-Compass FMT WW,F33,,review_needed,review_needed,,,,
review:0026,DRX-Compass FMT WW!F34:6704548:free_text_constraint,free_text_constraint,needs_review,not_implemented,natural_language_constraint_needs_normalization,6704548,fmt_step_3,,,hard_block,0.6,For Digital system only be select: Step 9a 6701585 or 6701593 Step 11a 6701668 or 6701692 or No Table,DRX-Compass FMT WW,F34,,review_needed,review_needed,,,,
review:0027,DRX-Compass FMT WW!D36:step_rule,must_select,auto_approved,not_implemented,not_yet_implemented_required_selection,,,,,hard_block,0.9,Must Select Longitudinal,DRX-Compass FMT WW,D36,,must_select,hard_block,,,,
review:0028,DRX-Compass FMT WW!B38:any_one_of_n,any_one_of_n,auto_approved,not_implemented,not_yet_implemented_option_cardinality,,,fmt_step_4a,,hard_block,0.95,Any one of the 2,DRX-Compass FMT WW,B38,,choose_one,hard_block,,,,
review:0029,DRX-Compass FMT WW!D41:step_rule,must_select,auto_approved,not_implemented,not_yet_implemented_required_selection,,,,,hard_block,0.9,Must Select High Tension Cable Bundle,DRX-Compass FMT WW,D41,,must_select,hard_block,,,,
review:0030,DRX-Compass FMT WW!B43:any_one_of_n,any_one_of_n,auto_approved,not_implemented,not_yet_implemented_option_cardinality,,,fmt_step_4b,,hard_block,0.95,Any one of the 2,DRX-Compass FMT WW,B43,,choose_one,hard_block,,,,
review:0031,DRX-Compass FMT WW!D50:step_rule,must_select,auto_approved,not_implemented,not_yet_implemented_required_selection,,,,,hard_block,0.9,Must Select one of the following Collimator Options,DRX-Compass FMT WW,D50,,must_select,hard_block,,,,
review:0032,DRX-Compass FMT WW!B52:any_one_of_n,any_one_of_n,auto_approved,not_implemented,not_yet_implemented_option_cardinality,,,fmt_step_5,,hard_block,0.95,Any one of the 3,DRX-Compass FMT WW,B52,,choose_one,hard_block,,,,
review:0033,DRX-Compass FMT WW!E58:6705131:free_text_constraint,free_text_constraint,needs_review,not_implemented,natural_language_constraint_needs_normalization,6705131,fmt_step_5a,,,hard_block,0.6,MC150 Filterwheel Must be factory installed,DRX-Compass FMT WW,E58,,review_needed,review_needed,,,,
review:0034,DRX-Compass FMT WW!F59:6705149:must_select,must_select,auto_approved,not_implemented,not_yet_implemented_required_selection,6705149,fmt_step_5a,,,hard_block,0.9,Must be selected when GCC Revisiong,DRX-Compass FMT WW,F59,,must_select,hard_block,,,,
review:0035,DRX-Compass FMT WW!E60:6705156:free_text_constraint,free_text_constraint,needs_review,not_implemented,natural_language_constraint_needs_normalization,6705156,fmt_step_5a,,,hard_block,0.6,MC150 vS1 Blade Feedback for SoftDAP POT Digital DRX Console ONLY,DRX-Compass FMT WW,E60,,review_needed,review_needed,,,,
review:0036,DRX-Compass FMT WW!F60:6705156:must_select,must_select,auto_approved,not_implemented,not_yet_implemented_required_selection,6705156,fmt_step_5a,,,hard_block,0.9,Must be selected when Soft DAP,DRX-Compass FMT WW,F60,,must_select,hard_block,,,,
review:0037,DRX-Compass FMT WW!E64:8624850:free_text_constraint,free_text_constraint,needs_review,not_implemented,natural_language_constraint_needs_normalization,8624850,fmt_step_6,,,hard_block,0.6,All system detector must be DRX Plus or Focus HD if selected,DRX-Compass FMT WW,E64,,review_needed,review_needed,,,,
review:0038,DRX-Compass FMT WW!F64:8624850:detector_bucky_match,detector_bucky_match,needs_review,not_implemented,not_yet_implemented_detector_bucky_check,8624850,fmt_step_6,,,hard_block,0.6,Must be stected DRX Bucky,DRX-Compass FMT WW,F64,,detector_bucky_compatibility,hard_block,,,,
review:0039,DRX-Compass FMT WW!E65:8624959:free_text_constraint,free_text_constraint,needs_review,not_implemented,natural_language_constraint_needs_normalization,8624959,fmt_step_6,,,hard_block,0.6,All system detector must be DRX Plus or Focus HD if selected,DRX-Compass FMT WW,E65,,review_needed,review_needed,,,,
review:0040,DRX-Compass FMT WW!F65:8624959:detector_bucky_match,detector_bucky_match,needs_review,not_implemented,not_yet_implemented_detector_bucky_check,8624959,fmt_step_6,,,hard_block,0.6,Must be stected DRX Bucky,DRX-Compass FMT WW,F65,,detector_bucky_compatibility,hard_block,,,,
review:0041,DRX-Compass FMT WW!D66:8615205:free_text_constraint,free_text_constraint,needs_review,not_implemented,natural_language_constraint_needs_normalization,8615205,fmt_step_6,,,hard_block,0.6,DRX Plus 2530C Only for tabletop,DRX-Compass FMT WW,D66,,review_needed,review_needed,,,,
review:0042,DRX-Compass FMT WW!E66:8615205:free_text_constraint,free_text_constraint,needs_review,not_implemented,natural_language_constraint_needs_normalization,8615205,fmt_step_6,,,hard_block,0.6,All system detector must be DRX Plus or Focus HD if selected,DRX-Compass FMT WW,E66,,review_needed,review_needed,,,,
review:0043,DRX-Compass FMT WW!F66:8615205:free_text_constraint,free_text_constraint,needs_review,not_implemented,natural_language_constraint_needs_normalization,8615205,fmt_step_6,,,hard_block,0.6,Only for tabletop,DRX-Compass FMT WW,F66,,review_needed,review_needed,,,,
review:0044,DRX-Compass FMT WW!E67:6701122:free_text_constraint,free_text_constraint,needs_review,not_implemented,natural_language_constraint_needs_normalization,6701122,fmt_step_6,,,hard_block,0.6,All system detector must be Focus if selected,DRX-Compass FMT WW,E67,,review_needed,review_needed,,,,
review:0045,DRX-Compass FMT WW!F67:6701122:detector_bucky_match,detector_bucky_match,needs_review,not_implemented,not_yet_implemented_detector_bucky_check,6701122,fmt_step_6,,,hard_block,0.6,Must be stected Focus Bucky,DRX-Compass FMT WW,F67,,detector_bucky_compatibility,hard_block,,,,
review:0046,DRX-Compass FMT WW!E68:8620148:region_only,region_only,auto_approved,partially_implemented_region_rule,region_part_implemented_review_extra_text,8620148,fmt_step_6,,C;US,hard_block,0.9,US & C Market Only All system detector must be Focus if selected,DRX-Compass FMT WW,E68,,region_allow,hard_block,,,,
review:0047,DRX-Compass FMT WW!F68:8620148:detector_bucky_match,detector_bucky_match,needs_review,not_implemented,not_yet_implemented_detector_bucky_check,8620148,fmt_step_6,,,hard_block,0.6,Must be stected Focus Bucky,DRX-Compass FMT WW,F68,,detector_bucky_compatibility,hard_block,,,,
review:0048,DRX-Compass FMT WW!E69:6702336:free_text_constraint,free_text_constraint,needs_review,not_implemented,natural_language_constraint_needs_normalization,6702336,fmt_step_6,,,hard_block,0.6,All system detector must be Focus if selected,DRX-Compass FMT WW,E69,,review_needed,review_needed,,,,
review:0049,DRX-Compass FMT WW!F69:6702336:detector_bucky_match,detector_bucky_match,needs_review,not_implemented,not_yet_implemented_detector_bucky_check,6702336,fmt_step_6,,,hard_block,0.6,Must be stected Focus Bucky,DRX-Compass FMT WW,F69,,detector_bucky_compatibility,hard_block,,,,
review:0050,DRX-Compass FMT WW!E70:8621278:region_only,region_only,auto_approved,partially_implemented_region_rule,region_part_implemented_review_extra_text,8621278,fmt_step_6,,C;US,hard_block,0.9,US & C Market Only All system detector must be Focus if selected,DRX-Compass FMT WW,E70,,region_allow,hard_block,,,,
review:0051,DRX-Compass FMT WW!F70:8621278:detector_bucky_match,detector_bucky_match,needs_review,not_implemented,not_yet_implemented_detector_bucky_check,8621278,fmt_step_6,,,hard_block,0.6,Must be stected Focus Bucky,DRX-Compass FMT WW,F70,,detector_bucky_compatibility,hard_block,,,,
review:0052,DRX-Compass FMT WW!E71:6705727:detector_grid_match,detector_grid_match,needs_review,partially_implemented_detector_grid_matrix,candidate_detector_grid_rule_needs_confirmation,6705727,fmt_step_6,,,hard_block,0.6,All system detector must be DRX Plus or Focus HD if selected Does not match 44LINE/CM Grids,DRX-Compass FMT WW,E71,,detector_grid_support,hard_block,,,,
review:0053,DRX-Compass FMT WW!F71:6705727:detector_bucky_match,detector_bucky_match,needs_review,not_implemented,not_yet_implemented_detector_bucky_check,6705727,fmt_step_6,,,hard_block,0.6,Must be stected DRX Bucky,DRX-Compass FMT WW,F71,,detector_bucky_compatibility,hard_block,,,,
review:0054,DRX-Compass FMT WW!E72:6705735:detector_grid_match,detector_grid_match,needs_review,partially_implemented_detector_grid_matrix,candidate_detector_grid_rule_needs_confirmation,6705735,fmt_step_6,,,hard_block,0.6,All system detector must be DRX Plus or Focus HD if selected Does not match 44LINE/CM Grids,DRX-Compass FMT WW,E72,,detector_grid_support,hard_block,,,,
review:0055,DRX-Compass FMT WW!F72:6705735:detector_bucky_match,detector_bucky_match,needs_review,not_implemented,not_yet_implemented_detector_bucky_check,6705735,fmt_step_6,,,hard_block,0.6,Must be stected DRX Bucky,DRX-Compass FMT WW,F72,,detector_bucky_compatibility,hard_block,,,,
review:0056,DRX-Compass FMT WW!E73:8625246:region_only,region_only,auto_approved,partially_implemented_region_rule,region_part_implemented_review_extra_text,8625246,fmt_step_6,,C;US,hard_block,0.9,US & C Market Only .All system detector must be DRX Plus or Focus HD if selected Does not match 44LINE/CM Grids,DRX-Compass FMT WW,E73,,region_allow,hard_block,,,,
review:0057,DRX-Compass FMT WW!F73:8625246:detector_bucky_match,detector_bucky_match,needs_review,not_implemented,not_yet_implemented_detector_bucky_check,8625246,fmt_step_6,,,hard_block,0.6,Must be stected DRX Bucky,DRX-Compass FMT WW,F73,,detector_bucky_compatibility,hard_block,,,,
review:0058,DRX-Compass FMT WW!E74:8625253:region_only,region_only,auto_approved,partially_implemented_region_rule,region_part_implemented_review_extra_text,8625253,fmt_step_6,,C;US,hard_block,0.9,US & C Market Only .All system detector must be DRX Plus or Focus HD if selected Does not match 44LINE/CM Grids,DRX-Compass FMT WW,E74,,region_allow,hard_block,,,,
review:0059,DRX-Compass FMT WW!F74:8625253:detector_bucky_match,detector_bucky_match,needs_review,not_implemented,not_yet_implemented_detector_bucky_check,8625253,fmt_step_6,,,hard_block,0.6,Must be stected DRX Bucky,DRX-Compass FMT WW,F74,,detector_bucky_compatibility,hard_block,,,,
review:0060,DRX-Compass FMT WW!E75:8623316:free_text_constraint,free_text_constraint,needs_review,not_implemented,natural_language_constraint_needs_normalization,8623316,fmt_step_6,,,hard_block,0.6,All system detector must be DRX Plus or Focus HD if selected,DRX-Compass FMT WW,E75,,review_needed,review_needed,,,,
review:0061,DRX-Compass FMT WW!F75:8623316:detector_bucky_match,detector_bucky_match,needs_review,not_implemented,not_yet_implemented_detector_bucky_check,8623316,fmt_step_6,,,hard_block,0.6,Must be stected DRX Bucky,DRX-Compass FMT WW,F75,,detector_bucky_compatibility,hard_block,,,,
review:0062,DRX-Compass FMT WW!D78:step_rule,must_select,auto_approved,not_implemented,not_yet_implemented_required_selection,,,,,hard_block,0.9,Select Wireless Access Point (Must Select One),DRX-Compass FMT WW,D78,,must_select,hard_block,,,,
review:0063,DRX-Compass FMT WW!D92:step_rule,must_select,auto_approved,not_implemented,not_yet_implemented_required_selection,,,,,hard_block,0.9,Must Select one of the following Tube Options,DRX-Compass FMT WW,D92,,must_select,hard_block,,,,
review:0064,DRX-Compass FMT WW!B94:any_one_of_n,any_one_of_n,auto_approved,not_implemented,not_yet_implemented_option_cardinality,,,fmt_step_8,,hard_block,0.95,Any one of the 4,DRX-Compass FMT WW,B94,,choose_one,hard_block,,,,
review:0065,DRX-Compass FMT WW!B101:any_one_of_n,any_one_of_n,auto_approved,not_implemented,not_yet_implemented_option_cardinality,,,fmt_step_9a,,hard_block,0.95,Any one of the 6,DRX-Compass FMT WW,B101,,choose_one,hard_block,,,,
review:0066,DRX-Compass FMT WW!D101:6701585:free_text_constraint,free_text_constraint,needs_review,not_implemented,natural_language_constraint_needs_normalization,6701585,fmt_step_9a,,C,unknown,0.6,WallStand-T Z-MOTORIZED w/o Bucky C/F,DRX-Compass FMT WW,D101,,review_needed,review_needed,,,,
review:0067,DRX-Compass FMT WW!D102:6701593:free_text_constraint,free_text_constraint,needs_review,not_implemented,natural_language_constraint_needs_normalization,6701593,fmt_step_9a,,C,unknown,0.6,WallStand-NT Z-MOTORIZED w/o Bucky C/F,DRX-Compass FMT WW,D102,,review_needed,review_needed,,,,
review:0068,DRX-Compass FMT WW!D103:8621765:free_text_constraint,free_text_constraint,needs_review,not_implemented,natural_language_constraint_needs_normalization,8621765,fmt_step_9a,,C,unknown,0.6,WallStand-T Z-MANUAL w/o Bucky C/F,DRX-Compass FMT WW,D103,,review_needed,review_needed,,,,
review:0069,DRX-Compass FMT WW!D104:8621773:free_text_constraint,free_text_constraint,needs_review,not_implemented,natural_language_constraint_needs_normalization,8621773,fmt_step_9a,,C,unknown,0.6,WallStand-NT Z-MANUAL w/o Bucky C/F,DRX-Compass FMT WW,D104,,review_needed,review_needed,,,,
review:0070,DRX-Compass FMT WW!B110:any_one_of_n,any_one_of_n,auto_approved,not_implemented,not_yet_implemented_option_cardinality,,,fmt_step_9b,,hard_block,0.95,Any one of the 12,DRX-Compass FMT WW,B110,,choose_one,hard_block,,,,
review:0071,DRX-Compass FMT WW!D110:6701726:detector_bucky_match,detector_bucky_match,needs_review,not_implemented,not_yet_implemented_detector_bucky_check,6701726,fmt_step_9b,,,unknown,0.6,DRX Intermix Bucky for WS Left,DRX-Compass FMT WW,D110,,detector_bucky_compatibility,hard_block,,,,
review:0072,DRX-Compass FMT WW!E110:6701726:free_text_constraint,free_text_constraint,needs_review,not_implemented,natural_language_constraint_needs_normalization,6701726,fmt_step_9b,,,hard_block,0.6,Use Only With Other DRX Detector,DRX-Compass FMT WW,E110,,review_needed,review_needed,,,,
review:0073,DRX-Compass FMT WW!F110:6701726:free_text_constraint,free_text_constraint,needs_review,not_implemented,natural_language_constraint_needs_normalization,6701726,fmt_step_9b,,,hard_block,0.6,Only be selected when use DRX or Focus HD detector,DRX-Compass FMT WW,F110,,review_needed,review_needed,,,,
review:0074,DRX-Compass FMT WW!D111:8621807:detector_bucky_match,detector_bucky_match,needs_review,not_implemented,not_yet_implemented_detector_bucky_check,8621807,fmt_step_9b,,,unknown,0.6,DRX Intermix Bucky for WS Right,DRX-Compass FMT WW,D111,,detector_bucky_compatibility,hard_block,,,,
review:0075,DRX-Compass FMT WW!E111:8621807:free_text_constraint,free_text_constraint,needs_review,not_implemented,natural_language_constraint_needs_normalization,8621807,fmt_step_9b,,,hard_block,0.6,Use Only With Other DRX Detector,DRX-Compass FMT WW,E111,,review_needed,review_needed,,,,
review:0076,DRX-Compass FMT WW!F111:8621807:free_text_constraint,free_text_constraint,needs_review,not_implemented,natural_language_constraint_needs_normalization,8621807,fmt_step_9b,,,hard_block,0.6,Only be selected when use DRX or Focus HD detector,DRX-Compass FMT WW,F111,,review_needed,review_needed,,,,
review:0077,DRX-Compass FMT WW!D112:8621906:detector_bucky_match,detector_bucky_match,needs_review,not_implemented,not_yet_implemented_detector_bucky_check,8621906,fmt_step_9b,,,unknown,0.6,DRX WOD Bucky for WS Left,DRX-Compass FMT WW,D112,,detector_bucky_compatibility,hard_block,,,,
review:0078,DRX-Compass FMT WW!E112:8621906:free_text_constraint,free_text_constraint,needs_review,not_implemented,natural_language_constraint_needs_normalization,8621906,fmt_step_9b,,,hard_block,0.6,Use Only With Other DRX Detector,DRX-Compass FMT WW,E112,,review_needed,review_needed,,,,
review:0079,DRX-Compass FMT WW!F112:8621906:free_text_constraint,free_text_constraint,needs_review,not_implemented,natural_language_constraint_needs_normalization,8621906,fmt_step_9b,,,hard_block,0.6,Only be selected when use DRX or Focus HD detector,DRX-Compass FMT WW,F112,,review_needed,review_needed,,,,
review:0080,DRX-Compass FMT WW!D113:8621815:detector_bucky_match,detector_bucky_match,needs_review,not_implemented,not_yet_implemented_detector_bucky_check,8621815,fmt_step_9b,,,unknown,0.6,Focus 35C Bucky for WS Left,DRX-Compass FMT WW,D113,,detector_bucky_compatibility,hard_block,,,,
review:0081,DRX-Compass FMT WW!E113:8621815:free_text_constraint,free_text_constraint,needs_review,not_implemented,natural_language_constraint_needs_normalization,8621815,fmt_step_9b,,,hard_block,0.6,Use Only With Other Focus Detector,DRX-Compass FMT WW,E113,,review_needed,review_needed,,,,
review:0082,DRX-Compass FMT WW!F113:8621815:free_text_constraint,free_text_constraint,needs_review,not_implemented,natural_language_constraint_needs_normalization,8621815,fmt_step_9b,,,hard_block,0.6,Only be selected when use Focus detector,DRX-Compass FMT WW,F113,,review_needed,review_needed,,,,
review:0083,DRX-Compass FMT WW!D114:8621823:detector_bucky_match,detector_bucky_match,needs_review,not_implemented,not_yet_implemented_detector_bucky_check,8621823,fmt_step_9b,,,unknown,0.6,Focus 35C Bucky for WS Right,DRX-Compass FMT WW,D114,,detector_bucky_compatibility,hard_block,,,,
review:0084,DRX-Compass FMT WW!E114:8621823:free_text_constraint,free_text_constraint,needs_review,not_implemented,natural_language_constraint_needs_normalization,8621823,fmt_step_9b,,,hard_block,0.6,Use Only With Other Focus Detector,DRX-Compass FMT WW,E114,,review_needed,review_needed,,,,
review:0085,DRX-Compass FMT WW!F114:8621823:free_text_constraint,free_text_constraint,needs_review,not_implemented,natural_language_constraint_needs_normalization,8621823,fmt_step_9b,,,hard_block,0.6,Only be selected when use Focus detector,DRX-Compass FMT WW,F114,,review_needed,review_needed,,,,
review:0086,DRX-Compass FMT WW!D115:8621831:detector_bucky_match,detector_bucky_match,needs_review,not_implemented,not_yet_implemented_detector_bucky_check,8621831,fmt_step_9b,,,unknown,0.6,Focus 43C Bucky for WS Left,DRX-Compass FMT WW,D115,,detector_bucky_compatibility,hard_block,,,,
review:0087,DRX-Compass FMT WW!E115:8621831:free_text_constraint,free_text_constraint,needs_review,not_implemented,natural_language_constraint_needs_normalization,8621831,fmt_step_9b,,,hard_block,0.6,Use Only With Other Focus Detector,DRX-Compass FMT WW,E115,,review_needed,review_needed,,,,
review:0088,DRX-Compass FMT WW!F115:8621831:free_text_constraint,free_text_constraint,needs_review,not_implemented,natural_language_constraint_needs_normalization,8621831,fmt_step_9b,,,hard_block,0.6,Only be selected when use Focus detector,DRX-Compass FMT WW,F115,,review_needed,review_needed,,,,
review:0089,DRX-Compass FMT WW!D116:8621856:detector_bucky_match,detector_bucky_match,needs_review,not_implemented,not_yet_implemented_detector_bucky_check,8621856,fmt_step_9b,,,unknown,0.6,Focus 43C Bucky for WS Right,DRX-Compass FMT WW,D116,,detector_bucky_compatibility,hard_block,,,,
review:0090,DRX-Compass FMT WW!E116:8621856:free_text_constraint,free_text_constraint,needs_review,not_implemented,natural_language_constraint_needs_normalization,8621856,fmt_step_9b,,,hard_block,0.6,Use Only With Other Focus Detector,DRX-Compass FMT WW,E116,,review_needed,review_needed,,,,
review:0091,DRX-Compass FMT WW!F116:8621856:free_text_constraint,free_text_constraint,needs_review,not_implemented,natural_language_constraint_needs_normalization,8621856,fmt_step_9b,,,hard_block,0.6,Only be selected when use Focus detector,DRX-Compass FMT WW,F116,,review_needed,review_needed,,,,
review:0092,DRX-Compass FMT WW!D117:8621864:detector_bucky_match,detector_bucky_match,needs_review,not_implemented,not_yet_implemented_detector_bucky_check,8621864,fmt_step_9b,,,unknown,0.6,Focus Intermix Bucky for WS Left,DRX-Compass FMT WW,D117,,detector_bucky_compatibility,hard_block,,,,
review:0093,DRX-Compass FMT WW!E117:8621864:free_text_constraint,free_text_constraint,needs_review,not_implemented,natural_language_constraint_needs_normalization,8621864,fmt_step_9b,,,hard_block,0.6,Use Only With Other Focus Detector,DRX-Compass FMT WW,E117,,review_needed,review_needed,,,,
review:0094,DRX-Compass FMT WW!F117:8621864:free_text_constraint,free_text_constraint,needs_review,not_implemented,natural_language_constraint_needs_normalization,8621864,fmt_step_9b,,,hard_block,0.6,Only be selected when use Focus detector,DRX-Compass FMT WW,F117,,review_needed,review_needed,,,,
review:0095,DRX-Compass FMT WW!D118:8621872:detector_bucky_match,detector_bucky_match,needs_review,not_implemented,not_yet_implemented_detector_bucky_check,8621872,fmt_step_9b,,,unknown,0.6,Focus Intermix Bucky for WS Right,DRX-Compass FMT WW,D118,,detector_bucky_compatibility,hard_block,,,,
review:0096,DRX-Compass FMT WW!E118:8621872:free_text_constraint,free_text_constraint,needs_review,not_implemented,natural_language_constraint_needs_normalization,8621872,fmt_step_9b,,,hard_block,0.6,Use Only With Other Focus Detector,DRX-Compass FMT WW,E118,,review_needed,review_needed,,,,
review:0097,DRX-Compass FMT WW!F118:8621872:free_text_constraint,free_text_constraint,needs_review,not_implemented,natural_language_constraint_needs_normalization,8621872,fmt_step_9b,,,hard_block,0.6,Only be selected when use Focus detector,DRX-Compass FMT WW,F118,,review_needed,review_needed,,,,
review:0098,DRX-Compass FMT WW!D119:8621898:detector_bucky_match,detector_bucky_match,needs_review,not_implemented,not_yet_implemented_detector_bucky_check,8621898,fmt_step_9b,,,unknown,0.6,Focus WOD Bucky for WS Left,DRX-Compass FMT WW,D119,,detector_bucky_compatibility,hard_block,,,,
review:0099,DRX-Compass FMT WW!E119:8621898:free_text_constraint,free_text_constraint,needs_review,not_implemented,natural_language_constraint_needs_normalization,8621898,fmt_step_9b,,,hard_block,0.6,Use Only With Other Focus Detector,DRX-Compass FMT WW,E119,,review_needed,review_needed,,,,
review:0100,DRX-Compass FMT WW!F119:8621898:free_text_constraint,free_text_constraint,needs_review,not_implemented,natural_language_constraint_needs_normalization,8621898,fmt_step_9b,,,hard_block,0.6,Only be selected when use Focus detector,DRX-Compass FMT WW,F119,,review_needed,review_needed,,,,
review:0101,DRX-Compass FMT WW!D120:6709760:detector_bucky_match,detector_bucky_match,needs_review,not_implemented,not_yet_implemented_detector_bucky_check,6709760,fmt_step_9b,,,unknown,0.6,DRX WOD Bucky for WS Right,DRX-Compass FMT WW,D120,,detector_bucky_compatibility,hard_block,,,,
review:0102,DRX-Compass FMT WW!E120:6709760:free_text_constraint,free_text_constraint,needs_review,not_implemented,natural_language_constraint_needs_normalization,6709760,fmt_step_9b,,,hard_block,0.6,Use Only With Other DRX Detector,DRX-Compass FMT WW,E120,,review_needed,review_needed,,,,
review:0103,DRX-Compass FMT WW!F120:6709760:free_text_constraint,free_text_constraint,needs_review,not_implemented,natural_language_constraint_needs_normalization,6709760,fmt_step_9b,,,hard_block,0.6,Only be selected when use DRX or Focus HD detector,DRX-Compass FMT WW,F120,,review_needed,review_needed,,,,
review:0104,DRX-Compass FMT WW!D121:6709778:detector_bucky_match,detector_bucky_match,needs_review,not_implemented,not_yet_implemented_detector_bucky_check,6709778,fmt_step_9b,,,unknown,0.6,Focus WOD Bucky for WS Right,DRX-Compass FMT WW,D121,,detector_bucky_compatibility,hard_block,,,,
review:0105,DRX-Compass FMT WW!E121:6709778:free_text_constraint,free_text_constraint,needs_review,not_implemented,natural_language_constraint_needs_normalization,6709778,fmt_step_9b,,,hard_block,0.6,Use Only With Other Focus Detector,DRX-Compass FMT WW,E121,,review_needed,review_needed,,,,
review:0106,DRX-Compass FMT WW!F121:6709778:free_text_constraint,free_text_constraint,needs_review,not_implemented,natural_language_constraint_needs_normalization,6709778,fmt_step_9b,,,hard_block,0.6,Only be selected when use Focus detector,DRX-Compass FMT WW,F121,,review_needed,review_needed,,,,
review:0107,DRX-Compass FMT WW!B131:any_one_of_n,any_one_of_n,auto_approved,not_implemented,not_yet_implemented_option_cardinality,,,fmt_step_10,,hard_block,0.95,Any one of the 5,DRX-Compass FMT WW,B131,,choose_one,hard_block,,,,
review:0108,DRX-Compass FMT WW!D131:8621997:free_text_constraint,free_text_constraint,needs_review,not_implemented,natural_language_constraint_needs_normalization,8621997,fmt_step_10,,,unknown,0.6,GRID 103L/I FD 40-72 10:1,DRX-Compass FMT WW,D131,,review_needed,review_needed,,,,
review:0109,DRX-Compass FMT WW!E131:8621997:detector_grid_match,detector_grid_match,needs_review,partially_implemented_detector_grid_matrix,candidate_detector_grid_rule_needs_confirmation,8621997,fmt_step_10,,,unknown,0.6,refer Config Matrix of Detector&Grid,DRX-Compass FMT WW,E131,,detector_grid_support,hard_block,,,,
review:0110,DRX-Compass FMT WW!D132:6701718:free_text_constraint,free_text_constraint,needs_review,not_implemented,natural_language_constraint_needs_normalization,6701718,fmt_step_10,,,unknown,0.6,GRID 44LINE/CM FD 130 10:1,DRX-Compass FMT WW,D132,,review_needed,review_needed,,,,
review:0111,DRX-Compass FMT WW!E132:6701718:detector_grid_match,detector_grid_match,needs_review,partially_implemented_detector_grid_matrix,candidate_detector_grid_rule_needs_confirmation,6701718,fmt_step_10,,,unknown,0.6,refer Config Matrix of Detector&Grid,DRX-Compass FMT WW,E132,,detector_grid_support,hard_block,,,,
review:0112,DRX-Compass FMT WW!D133:8622029:free_text_constraint,free_text_constraint,needs_review,not_implemented,natural_language_constraint_needs_normalization,8622029,fmt_step_10,,,unknown,0.6,GRID 200L/I FD 40-72 10:1,DRX-Compass FMT WW,D133,,review_needed,review_needed,,,,
review:0113,DRX-Compass FMT WW!E133:8622029:detector_grid_match,detector_grid_match,needs_review,partially_implemented_detector_grid_matrix,candidate_detector_grid_rule_needs_confirmation,8622029,fmt_step_10,,,unknown,0.6,refer Config Matrix of Detector&Grid,DRX-Compass FMT WW,E133,,detector_grid_support,hard_block,,,,
review:0114,DRX-Compass FMT WW!D134:8622052:free_text_constraint,free_text_constraint,needs_review,not_implemented,natural_language_constraint_needs_normalization,8622052,fmt_step_10,,,unknown,0.6,GRID 44LINE/CM FD 130 12:1,DRX-Compass FMT WW,D134,,review_needed,review_needed,,,,
review:0115,DRX-Compass FMT WW!E134:8622052:detector_grid_match,detector_grid_match,needs_review,partially_implemented_detector_grid_matrix,candidate_detector_grid_rule_needs_confirmation,8622052,fmt_step_10,,,unknown,0.6,refer Config Matrix of Detector&Grid,DRX-Compass FMT WW,E134,,detector_grid_support,hard_block,,,,
review:0116,DRX-Compass FMT WW!D135:8622045:free_text_constraint,free_text_constraint,needs_review,not_implemented,natural_language_constraint_needs_normalization,8622045,fmt_step_10,,,unknown,0.6,GRID 44LINE/CM FD 100 12:1 LANDSCAPE,DRX-Compass FMT WW,D135,,review_needed,review_needed,,,,
review:0117,DRX-Compass FMT WW!E135:8622045:detector_grid_match,detector_grid_match,needs_review,partially_implemented_detector_grid_matrix,candidate_detector_grid_rule_needs_confirmation,8622045,fmt_step_10,,,unknown,0.6,refer Config Matrix of Detector&Grid,DRX-Compass FMT WW,E135,,detector_grid_support,hard_block,,,,
review:0118,DRX-Compass FMT WW!D136:8622060:free_text_constraint,free_text_constraint,needs_review,not_implemented,natural_language_constraint_needs_normalization,8622060,fmt_step_10,,,unknown,0.6,GRID 44LINE/CM FD 180 12:1,DRX-Compass FMT WW,D136,,review_needed,review_needed,,,,
review:0119,DRX-Compass FMT WW!E136:8622060:detector_grid_match,detector_grid_match,needs_review,partially_implemented_detector_grid_matrix,candidate_detector_grid_rule_needs_confirmation,8622060,fmt_step_10,,,unknown,0.6,refer Config Matrix of Detector&Grid,DRX-Compass FMT WW,E136,,detector_grid_support,hard_block,,,,
review:0120,DRX-Compass FMT WW!B140:any_one_of_n,any_one_of_n,auto_approved,not_implemented,not_yet_implemented_option_cardinality,,,fmt_step_11a,,hard_block,0.95,Any one of the 5,DRX-Compass FMT WW,B140,,choose_one,hard_block,,,,
review:0121,DRX-Compass FMT WW!D140:6701676:free_text_constraint,free_text_constraint,needs_review,not_implemented,natural_language_constraint_needs_normalization,6701676,fmt_step_11a,,C,unknown,0.6,Table QT-740 w/oBucky w/oAT C/F,DRX-Compass FMT WW,D140,,review_needed,review_needed,,,,
review:0122,DRX-Compass FMT WW!E140:6701676:free_text_constraint,free_text_constraint,needs_review,not_implemented,natural_language_constraint_needs_normalization,6701676,fmt_step_11a,,,unknown,0.6,"QT-740 Float Top, Non-Elevating without Bucky Tracking",DRX-Compass FMT WW,E140,,review_needed,review_needed,,,,
review:0123,DRX-Compass FMT WW!D141:6701668:free_text_constraint,free_text_constraint,needs_review,not_implemented,natural_language_constraint_needs_normalization,6701668,fmt_step_11a,,C,unknown,0.6,Table QT-740 w/oBucky w/AT C/F,DRX-Compass FMT WW,D141,,review_needed,review_needed,,,,
review:0124,DRX-Compass FMT WW!E141:6701668:free_text_constraint,free_text_constraint,needs_review,not_implemented,natural_language_constraint_needs_normalization,6701668,fmt_step_11a,,,unknown,0.6,"QT-740 Float Top, Non-Elevating with Bucky Tracking",DRX-Compass FMT WW,E141,,review_needed,review_needed,,,,
review:0125,DRX-Compass FMT WW!D142:6705222:free_text_constraint,free_text_constraint,needs_review,not_implemented,natural_language_constraint_needs_normalization,6705222,fmt_step_11a,,C,unknown,0.6,Table QT-750 Digital w/o AT Bucky C/F,DRX-Compass FMT WW,D142,,review_needed,review_needed,,,,
review:0126,DRX-Compass FMT WW!E142:6705222:free_text_constraint,free_text_constraint,needs_review,partially_implemented_region_rule,natural_language_constraint_needs_normalization,6705222,fmt_step_11a,,C,hard_block,0.6,Table QT-750 Digital w/o AT Bucky C/F ONLY sold with Manual Tubestand,DRX-Compass FMT WW,E142,,review_needed,review_needed,,,,
review:0127,DRX-Compass FMT WW!D143:6701692:free_text_constraint,free_text_constraint,needs_review,not_implemented,natural_language_constraint_needs_normalization,6701692,fmt_step_11a,,C,unknown,0.6,Table QT-750 w/o Bucky C/F,DRX-Compass FMT WW,D143,,review_needed,review_needed,,,,
review:0128,DRX-Compass FMT WW!E143:6701692:free_text_constraint,free_text_constraint,needs_review,not_implemented,natural_language_constraint_needs_normalization,6701692,fmt_step_11a,,,unknown,0.6,"QT-750 Float Top ,Elevating with Bucky Tracking",DRX-Compass FMT WW,E143,,review_needed,review_needed,,,,
review:0129,DRX-Compass FMT WW!B148:any_one_of_n,any_one_of_n,auto_approved,not_implemented,not_yet_implemented_option_cardinality,,,fmt_step_11b,,hard_block,0.95,Any one of the 6,DRX-Compass FMT WW,B148,,choose_one,hard_block,,,,
review:0130,DRX-Compass FMT WW!D148:8621922:detector_bucky_match,detector_bucky_match,needs_review,not_implemented,not_yet_implemented_detector_bucky_check,8621922,fmt_step_11b,,,unknown,0.6,DRX Intermix Bucky for Table,DRX-Compass FMT WW,D148,,detector_bucky_compatibility,hard_block,,,,
review:0131,DRX-Compass FMT WW!E148:8621922:free_text_constraint,free_text_constraint,needs_review,not_implemented,natural_language_constraint_needs_normalization,8621922,fmt_step_11b,,,hard_block,0.6,DRX Detector Use Only,DRX-Compass FMT WW,E148,,review_needed,review_needed,,,,
review:0132,DRX-Compass FMT WW!F148:8621922:free_text_constraint,free_text_constraint,needs_review,not_implemented,natural_language_constraint_needs_normalization,8621922,fmt_step_11b,,,hard_block,0.6,Only select when use DRX or Focus HD detector,DRX-Compass FMT WW,F148,,review_needed,review_needed,,,,
review:0133,DRX-Compass FMT WW!D149:8621971:detector_bucky_match,detector_bucky_match,needs_review,not_implemented,not_yet_implemented_detector_bucky_check,8621971,fmt_step_11b,,,unknown,0.6,DRX WOD Bucky for Table,DRX-Compass FMT WW,D149,,detector_bucky_compatibility,hard_block,,,,
review:0134,DRX-Compass FMT WW!E149:8621971:free_text_constraint,free_text_constraint,needs_review,not_implemented,natural_language_constraint_needs_normalization,8621971,fmt_step_11b,,,hard_block,0.6,DRX Detector Use Only,DRX-Compass FMT WW,E149,,review_needed,review_needed,,,,
review:0135,DRX-Compass FMT WW!F149:8621971:free_text_constraint,free_text_constraint,needs_review,not_implemented,natural_language_constraint_needs_normalization,8621971,fmt_step_11b,,,hard_block,0.6,Only select when use DRX or Focus HD detector,DRX-Compass FMT WW,F149,,review_needed,review_needed,,,,
review:0136,DRX-Compass FMT WW!D150:8621930:detector_bucky_match,detector_bucky_match,needs_review,not_implemented,not_yet_implemented_detector_bucky_check,8621930,fmt_step_11b,,,unknown,0.6,Focus 35C Bucky for Table,DRX-Compass FMT WW,D150,,detector_bucky_compatibility,hard_block,,,,
review:0137,DRX-Compass FMT WW!E150:8621930:free_text_constraint,free_text_constraint,needs_review,not_implemented,natural_language_constraint_needs_normalization,8621930,fmt_step_11b,,,hard_block,0.6,Focus Detector Use ONLY,DRX-Compass FMT WW,E150,,review_needed,review_needed,,,,
review:0138,DRX-Compass FMT WW!F150:8621930:free_text_constraint,free_text_constraint,needs_review,not_implemented,natural_language_constraint_needs_normalization,8621930,fmt_step_11b,,,hard_block,0.6,Only select when use Focus detector,DRX-Compass FMT WW,F150,,review_needed,review_needed,,,,
review:0139,DRX-Compass FMT WW!D151:8621948:detector_bucky_match,detector_bucky_match,needs_review,not_implemented,not_yet_implemented_detector_bucky_check,8621948,fmt_step_11b,,,unknown,0.6,Focus 43C Bucky for Table,DRX-Compass FMT WW,D151,,detector_bucky_compatibility,hard_block,,,,
review:0140,DRX-Compass FMT WW!E151:8621948:free_text_constraint,free_text_constraint,needs_review,not_implemented,natural_language_constraint_needs_normalization,8621948,fmt_step_11b,,,hard_block,0.6,Focus Detector Use ONLY,DRX-Compass FMT WW,E151,,review_needed,review_needed,,,,
review:0141,DRX-Compass FMT WW!F151:8621948:free_text_constraint,free_text_constraint,needs_review,not_implemented,natural_language_constraint_needs_normalization,8621948,fmt_step_11b,,,hard_block,0.6,Only select when use Focus detector,DRX-Compass FMT WW,F151,,review_needed,review_needed,,,,
review:0142,DRX-Compass FMT WW!D152:8621955:detector_bucky_match,detector_bucky_match,needs_review,not_implemented,not_yet_implemented_detector_bucky_check,8621955,fmt_step_11b,,,unknown,0.6,Focus Intermix Bucky for Table,DRX-Compass FMT WW,D152,,detector_bucky_compatibility,hard_block,,,,
review:0143,DRX-Compass FMT WW!E152:8621955:free_text_constraint,free_text_constraint,needs_review,not_implemented,natural_language_constraint_needs_normalization,8621955,fmt_step_11b,,,hard_block,0.6,Focus Detector Use ONLY,DRX-Compass FMT WW,E152,,review_needed,review_needed,,,,
review:0144,DRX-Compass FMT WW!F152:8621955:free_text_constraint,free_text_constraint,needs_review,not_implemented,natural_language_constraint_needs_normalization,8621955,fmt_step_11b,,,hard_block,0.6,Only select when use Focus detector,DRX-Compass FMT WW,F152,,review_needed,review_needed,,,,
review:0145,DRX-Compass FMT WW!D153:8621963:detector_bucky_match,detector_bucky_match,needs_review,not_implemented,not_yet_implemented_detector_bucky_check,8621963,fmt_step_11b,,,unknown,0.6,Focus WOD Bucky for Table,DRX-Compass FMT WW,D153,,detector_bucky_compatibility,hard_block,,,,
review:0146,DRX-Compass FMT WW!E153:8621963:free_text_constraint,free_text_constraint,needs_review,not_implemented,natural_language_constraint_needs_normalization,8621963,fmt_step_11b,,,hard_block,0.6,Focus Detector Use ONLY,DRX-Compass FMT WW,E153,,review_needed,review_needed,,,,
review:0147,DRX-Compass FMT WW!F153:8621963:free_text_constraint,free_text_constraint,needs_review,not_implemented,natural_language_constraint_needs_normalization,8621963,fmt_step_11b,,,hard_block,0.6,Only select when use Focus detector,DRX-Compass FMT WW,F153,,review_needed,review_needed,,,,
review:0148,DRX-Compass FMT WW!D157:6705172:free_text_constraint,free_text_constraint,needs_review,not_implemented,natural_language_constraint_needs_normalization,6705172,fmt_step_11c,,,unknown,0.6,Mechanical Table Bucky Track w/FMT Tube,DRX-Compass FMT WW,D157,,review_needed,review_needed,,,,
review:0149,DRX-Compass FMT WW!E157:6705172:free_text_constraint,free_text_constraint,needs_review,not_implemented,natural_language_constraint_needs_normalization,6705172,fmt_step_11c,,,unknown,0.6,Kit - Mechanical Bucky tracker,DRX-Compass FMT WW,E157,,review_needed,review_needed,,,,
review:0150,DRX-Compass FMT WW!B163:any_one_of_n,any_one_of_n,auto_approved,not_implemented,not_yet_implemented_option_cardinality,,,fmt_step_12,,hard_block,0.95,Any one of the 7,DRX-Compass FMT WW,B163,,choose_one,hard_block,,,,
review:0151,DRX-Compass FMT WW!D163:8621989:free_text_constraint,free_text_constraint,needs_review,not_implemented,natural_language_constraint_needs_normalization,8621989,fmt_step_12,,,unknown,0.6,GRID 103L/I FD 34-44 10:1,DRX-Compass FMT WW,D163,,review_needed,review_needed,,,,
review:0152,DRX-Compass FMT WW!E163:8621989:detector_grid_match,detector_grid_match,needs_review,partially_implemented_detector_grid_matrix,candidate_detector_grid_rule_needs_confirmation,8621989,fmt_step_12,,,unknown,0.6,refer Config Matrix of Detector&Grid,DRX-Compass FMT WW,E163,,detector_grid_support,hard_block,,,,
review:0153,DRX-Compass FMT WW!D164:6701700:free_text_constraint,free_text_constraint,needs_review,not_implemented,natural_language_constraint_needs_normalization,6701700,fmt_step_12,,,unknown,0.6,GRID 44LINE/CM FD 100 10:1,DRX-Compass FMT WW,D164,,review_needed,review_needed,,,,
review:0154,DRX-Compass FMT WW!E164:6701700:detector_grid_match,detector_grid_match,needs_review,partially_implemented_detector_grid_matrix,candidate_detector_grid_rule_needs_confirmation,6701700,fmt_step_12,,,unknown,0.6,refer Config Matrix of Detector&Grid,DRX-Compass FMT WW,E164,,detector_grid_support,hard_block,,,,
review:0155,DRX-Compass FMT WW!D165:6701718:free_text_constraint,free_text_constraint,needs_review,not_implemented,natural_language_constraint_needs_normalization,6701718,fmt_step_12,,,unknown,0.6,GRID 44LINE/CM FD 130 10:1,DRX-Compass FMT WW,D165,,review_needed,review_needed,,,,
review:0156,DRX-Compass FMT WW!E165:6701718:detector_grid_match,detector_grid_match,needs_review,partially_implemented_detector_grid_matrix,candidate_detector_grid_rule_needs_confirmation,6701718,fmt_step_12,,,unknown,0.6,refer Config Matrix of Detector&Grid,DRX-Compass FMT WW,E165,,detector_grid_support,hard_block,,,,
review:0157,DRX-Compass FMT WW!D166:8622011:free_text_constraint,free_text_constraint,needs_review,not_implemented,natural_language_constraint_needs_normalization,8622011,fmt_step_12,,,unknown,0.6,GRID 200L/I FD 34-44 10:1,DRX-Compass FMT WW,D166,,review_needed,review_needed,,,,
review:0158,DRX-Compass FMT WW!E166:8622011:detector_grid_match,detector_grid_match,needs_review,partially_implemented_detector_grid_matrix,candidate_detector_grid_rule_needs_confirmation,8622011,fmt_step_12,,,unknown,0.6,refer Config Matrix of Detector&Grid,DRX-Compass FMT WW,E166,,detector_grid_support,hard_block,,,,
review:0159,DRX-Compass FMT WW!D167:8622037:free_text_constraint,free_text_constraint,needs_review,not_implemented,natural_language_constraint_needs_normalization,8622037,fmt_step_12,,,unknown,0.6,GRID 44LINE/CM FD 100 12:1,DRX-Compass FMT WW,D167,,review_needed,review_needed,,,,
review:0160,DRX-Compass FMT WW!E167:8622037:detector_grid_match,detector_grid_match,needs_review,partially_implemented_detector_grid_matrix,candidate_detector_grid_rule_needs_confirmation,8622037,fmt_step_12,,,unknown,0.6,refer Config Matrix of Detector&Grid,DRX-Compass FMT WW,E167,,detector_grid_support,hard_block,,,,
review:0161,DRX-Compass FMT WW!D168:8622052:free_text_constraint,free_text_constraint,needs_review,not_implemented,natural_language_constraint_needs_normalization,8622052,fmt_step_12,,,unknown,0.6,GRID 44LINE/CM FD 130 12:1,DRX-Compass FMT WW,D168,,review_needed,review_needed,,,,
review:0162,DRX-Compass FMT WW!E168:8622052:detector_grid_match,detector_grid_match,needs_review,partially_implemented_detector_grid_matrix,candidate_detector_grid_rule_needs_confirmation,8622052,fmt_step_12,,,unknown,0.6,refer Config Matrix of Detector&Grid,DRX-Compass FMT WW,E168,,detector_grid_support,hard_block,,,,
review:0163,DRX-Compass FMT WW!F172:6576136:free_text_constraint,free_text_constraint,needs_review,not_implemented,natural_language_constraint_needs_normalization,6576136,fmt_step_13,,,hard_block,0.6,Only select for CGF Generator (Already exsit in the CGN generator),DRX-Compass FMT WW,F172,,review_needed,review_needed,,,,
review:0164,DRX-Compass FMT WW!E184:8622821:free_text_constraint,free_text_constraint,needs_review,not_implemented,natural_language_constraint_needs_normalization,8622821,fmt_step_15a,,,unknown,0.6,Availability Varies by Region & Detector Selection,DRX-Compass FMT WW,E184,,review_needed,review_needed,,,,
review:0165,DRX-Compass FMT WW!D197:8623027:free_text_constraint,free_text_constraint,needs_review,not_implemented,natural_language_constraint_needs_normalization,8623027,fmt_step_15a,,C,unknown,0.6,SMARTGRID SOFTWARE FOR DRX-C/F,DRX-Compass FMT WW,D197,,review_needed,review_needed,,,,
review:0166,DRX-Compass FMT WW!E199:6703839:free_text_constraint,free_text_constraint,needs_review,partially_implemented_region_rule,natural_language_constraint_needs_normalization,6703839,fmt_step_15a,,C,hard_block,0.6,China ONLY at launch,DRX-Compass FMT WW,E199,,review_needed,review_needed,,,,
review:0167,DRX-Compass FMT WW!D205:8623118:free_text_constraint,free_text_constraint,needs_review,partially_implemented_region_rule,natural_language_constraint_needs_normalization,8623118,fmt_step_15a,,C,hard_block,0.6,DR TQT ADDL SW ONLY FOR DRX-C/F,DRX-Compass FMT WW,D205,,review_needed,review_needed,,,,
review:0168,DRX-Compass FMT WW!E211:8622862:free_text_constraint,free_text_constraint,needs_review,not_implemented,natural_language_constraint_needs_normalization,8622862,fmt_step_15b,,C;OUS;US,unknown,0.6,Availability Varies by Region Currently Yes (OUS & C ) NO US & C,DRX-Compass FMT WW,E211,,review_needed,review_needed,,,,
review:0169,DRX-Compass FMT WW!E218:8622987:free_text_constraint,free_text_constraint,needs_review,not_implemented,natural_language_constraint_needs_normalization,8622987,fmt_step_15b,,C;OUS;US,unknown,0.6,Availability Varies by Region Currently Yes (OUS & C ) NO US & C,DRX-Compass FMT WW,E218,,review_needed,review_needed,,,,
review:0170,DRX-Compass FMT WW!E219:8622995:free_text_constraint,free_text_constraint,needs_review,not_implemented,natural_language_constraint_needs_normalization,8622995,fmt_step_15b,,C;OUS;US,unknown,0.6,Availability Varies by Region Currently Yes (OUS & C ) NO US & C,DRX-Compass FMT WW,E219,,review_needed,review_needed,,,,
review:0171,DRX-Compass FMT WW!D221:8623027:free_text_constraint,free_text_constraint,needs_review,not_implemented,natural_language_constraint_needs_normalization,8623027,fmt_step_15b,,C,unknown,0.6,SMARTGRID SOFTWARE FOR DRX-C/F,DRX-Compass FMT WW,D221,,review_needed,review_needed,,,,
review:0172,DRX-Compass FMT WW!E222:8623035:free_text_constraint,free_text_constraint,needs_review,not_implemented,natural_language_constraint_needs_normalization,8623035,fmt_step_15b,,C;OUS;US,unknown,0.6,Availability Varies by Region Currently Yes (OUS & C ) NO US & C,DRX-Compass FMT WW,E222,,review_needed,review_needed,,,,
review:0173,DRX-Compass FMT WW!E223:6703839:free_text_constraint,free_text_constraint,needs_review,partially_implemented_region_rule,natural_language_constraint_needs_normalization,6703839,fmt_step_15b,,C,hard_block,0.6,China ONLY at launch,DRX-Compass FMT WW,E223,,review_needed,review_needed,,,,
review:0174,DRX-Compass FMT WW!E225:8623076:free_text_constraint,free_text_constraint,needs_review,not_implemented,natural_language_constraint_needs_normalization,8623076,fmt_step_15b,,C;OUS;US,unknown,0.6,Availability Varies by Region Currently Yes (OUS & C ) NO US & C,DRX-Compass FMT WW,E225,,review_needed,review_needed,,,,
review:0175,DRX-Compass FMT WW!E227:8623084:free_text_constraint,free_text_constraint,needs_review,not_implemented,natural_language_constraint_needs_normalization,8623084,fmt_step_15b,,C;OUS;US,unknown,0.6,Availability Varies by Region Currently Yes (OUS & C ) NO US & C,DRX-Compass FMT WW,E227,,review_needed,review_needed,,,,
review:0176,DRX-Compass FMT WW!F231:8622102:must_select,must_select,auto_approved,not_implemented,not_yet_implemented_required_selection,8622102,fmt_step_16,,,hard_block,0.9,Must be selected when GCC Revisiong,DRX-Compass FMT WW,F231,,must_select,hard_block,,,,
review:0177,DRX-Compass FMT WW!F232:8622110:must_select,must_select,auto_approved,not_implemented,not_yet_implemented_required_selection,8622110,fmt_step_16,,,hard_block,0.9,Must be selected when GCC Revisiong,DRX-Compass FMT WW,F232,,must_select,hard_block,,,,
review:0178,DRX-Compass FMT WW!F237:8615460:free_text_constraint,free_text_constraint,needs_review,not_implemented,natural_language_constraint_needs_normalization,8615460,fmt_step_16,,,hard_block,0.6,Only for DRX detector,DRX-Compass FMT WW,F237,,review_needed,review_needed,,,,
review:0179,DRX-Compass FMT WW!F238:8618183:free_text_constraint,free_text_constraint,needs_review,not_implemented,natural_language_constraint_needs_normalization,8618183,fmt_step_16,,,hard_block,0.6,Only for DRX detector,DRX-Compass FMT WW,F238,,review_needed,review_needed,,,,
review:0180,DRX-Compass FMT WW!F240:6701148:free_text_constraint,free_text_constraint,needs_review,not_implemented,natural_language_constraint_needs_normalization,6701148,fmt_step_16,,,hard_block,0.6,Only for Focus detector,DRX-Compass FMT WW,F240,,review_needed,review_needed,,,,
review:0181,DRX-Compass FMT WW!F241:6705859:free_text_constraint,free_text_constraint,needs_review,not_implemented,natural_language_constraint_needs_normalization,6705859,fmt_step_16,,,hard_block,0.6,Only for Focus HD detector,DRX-Compass FMT WW,F241,,review_needed,review_needed,,,,
review:0182,DRX-Compass FMT WW!D249:6565667:free_text_constraint,free_text_constraint,needs_review,not_implemented,natural_language_constraint_needs_normalization,6565667,fmt_step_16,,,unknown,0.6,Universal Grid Holder,DRX-Compass FMT WW,D249,,review_needed,review_needed,,,,
review:0183,DRX-Compass FMT WW!D259:step_rule,feature_requirement,needs_review,not_implemented,not_yet_implemented_requirement_rule,,,,,unknown,0.65,Smart Room: Choose 17a or 17b,DRX-Compass FMT WW,D259,,require,hard_block,,,,
review:0184,DRX-Compass FMT WW!D261:step_rule,feature_requirement,needs_review,not_implemented,not_yet_implemented_requirement_rule,,,,,unknown,0.65,Smart Room Assist,DRX-Compass FMT WW,D261,,require,hard_block,,,,
review:0185,DRX-Compass FMT WW!E262:8626756:region_exclusion,region_exclusion,auto_approved,not_implemented,not_yet_implemented_region_block,8626756,fmt_step_17a,,C;US,unknown,0.9,WW ex US&C,DRX-Compass FMT WW,E262,,region_block,hard_block,,,,
review:0186,DRX-Compass FMT WW!E263:8626780:region_exclusion,region_exclusion,auto_approved,not_implemented,not_yet_implemented_region_block,8626780,fmt_step_17a,,C;US,unknown,0.9,WW ex US&C,DRX-Compass FMT WW,E263,,region_block,hard_block,,,,
review:0187,DRX-Compass FMT WW!D264:6704845:feature_requirement,feature_requirement,needs_review,not_implemented,not_yet_implemented_requirement_rule,6704845,fmt_step_17a,,C,unknown,0.6,REMOTE CONTROLLER FOR SMART ROOM DRX-C,DRX-Compass FMT WW,D264,,require,hard_block,,,,
review:0188,DRX-Compass FMT WW!E264:6704845:region_exclusion,region_exclusion,auto_approved,not_implemented,not_yet_implemented_region_block,6704845,fmt_step_17a,,C;US,unknown,0.9,WW ex US&C,DRX-Compass FMT WW,E264,,region_block,hard_block,,,,
review:0189,DRX-Compass FMT WW!D265:6708697:feature_requirement,feature_requirement,needs_review,not_implemented,not_yet_implemented_requirement_rule,6708697,fmt_step_17a,,C,unknown,0.6,SMART ROOM ASSIST FOR DRX-C/F,DRX-Compass FMT WW,D265,,require,hard_block,,,,
review:0190,DRX-Compass FMT WW!E265:6708697:region_exclusion,region_exclusion,auto_approved,not_implemented,not_yet_implemented_region_block,6708697,fmt_step_17a,,C;US,unknown,0.9,SW Licence Kit， WW ex US&C,DRX-Compass FMT WW,E265,,region_block,hard_block,,,,
review:0191,DRX-Compass FMT WW!E266:6708705:region_exclusion,region_exclusion,auto_approved,not_implemented,not_yet_implemented_region_block,6708705,fmt_step_17a,,C;EU;US,unknown,0.9,"SW Licence Kit， WW ex EU,US&C",DRX-Compass FMT WW,E266,,region_block,hard_block,,,,
review:0192,DRX-Compass FMT WW!E267:8627465:region_exclusion,region_exclusion,auto_approved,not_implemented,not_yet_implemented_region_block,8627465,fmt_step_17a,,C;EU;US,unknown,0.9,"SW Licence Kit， WW ex EU,US&C",DRX-Compass FMT WW,E267,,region_block,hard_block,,,,
review:0193,DRX-Compass FMT WW!D268:8627200:feature_requirement,feature_requirement,needs_review,not_implemented,not_yet_implemented_requirement_rule,8627200,fmt_step_17a,,C,unknown,0.6,SMART ROOM ASSIST BUNDLE FOR DRX-C/F FMT,DRX-Compass FMT WW,D268,,require,hard_block,,,,
review:0194,DRX-Compass FMT WW!E268:8627200:free_text_constraint,free_text_constraint,needs_review,partially_implemented_region_rule,natural_language_constraint_needs_normalization,8627200,fmt_step_17a,,C;US,hard_block,0.6,US&C Only,DRX-Compass FMT WW,E268,,review_needed,review_needed,,,,
review:0195,DRX-Compass FMT WW!D270:step_rule,feature_requirement,needs_review,not_implemented,not_yet_implemented_requirement_rule,,,,,unknown,0.65,Smart Room,DRX-Compass FMT WW,D270,,require,hard_block,,,,
review:0196,DRX-Compass FMT WW!E271:8626756:region_exclusion,region_exclusion,auto_approved,not_implemented,not_yet_implemented_region_block,8626756,fmt_step_17b,,C;US,unknown,0.9,WW ex US&C,DRX-Compass FMT WW,E271,,region_block,hard_block,,,,
review:0197,DRX-Compass FMT WW!E272:8626780:region_exclusion,region_exclusion,auto_approved,not_implemented,not_yet_implemented_region_block,8626780,fmt_step_17b,,C;US,unknown,0.9,WW ex US&C,DRX-Compass FMT WW,E272,,region_block,hard_block,,,,
review:0198,DRX-Compass FMT WW!D273:6704845:feature_requirement,feature_requirement,needs_review,not_implemented,not_yet_implemented_requirement_rule,6704845,fmt_step_17b,,C,unknown,0.6,REMOTE CONTROLLER FOR SMART ROOM DRX-C,DRX-Compass FMT WW,D273,,require,hard_block,,,,
review:0199,DRX-Compass FMT WW!E273:6704845:region_exclusion,region_exclusion,auto_approved,not_implemented,not_yet_implemented_region_block,6704845,fmt_step_17b,,C;US,unknown,0.9,WW ex US&C,DRX-Compass FMT WW,E273,,region_block,hard_block,,,,
review:0200,DRX-Compass FMT WW!E274:8626764:region_exclusion,region_exclusion,auto_approved,not_implemented,not_yet_implemented_region_block,8626764,fmt_step_17b,,C;US,unknown,0.9,WW ex US&C,DRX-Compass FMT WW,E274,,region_block,hard_block,,,,
review:0201,DRX-Compass FMT WW!D275:6704407:feature_requirement,feature_requirement,needs_review,not_implemented,not_yet_implemented_requirement_rule,6704407,fmt_step_17b,,C,unknown,0.6,SMART ROOM FOR DRX-C/F,DRX-Compass FMT WW,D275,,require,hard_block,,,,
review:0202,DRX-Compass FMT WW!E275:6704407:region_exclusion,region_exclusion,auto_approved,not_implemented,not_yet_implemented_region_block,6704407,fmt_step_17b,,C;US,unknown,0.9,"SW Licence Kit, WW ex US&C",DRX-Compass FMT WW,E275,,region_block,hard_block,,,,
review:0203,DRX-Compass FMT WW!E276:6708705:region_exclusion,region_exclusion,auto_approved,not_implemented,not_yet_implemented_region_block,6708705,fmt_step_17b,,C;EU;US,unknown,0.9,"SW Licence Kit， WW ex EU,US&C",DRX-Compass FMT WW,E276,,region_block,hard_block,,,,
review:0204,DRX-Compass FMT WW!E277:8627465:region_exclusion,region_exclusion,auto_approved,not_implemented,not_yet_implemented_region_block,8627465,fmt_step_17b,,C;EU;US,unknown,0.9,"SW Licence Kit， WW ex EU,US&C",DRX-Compass FMT WW,E277,,region_block,hard_block,,,,
review:0205,DRX-Compass FMT WW!D278:8627184:feature_requirement,feature_requirement,needs_review,not_implemented,not_yet_implemented_requirement_rule,8627184,fmt_step_17b,,C,unknown,0.6,SMART ROOM BUNDLE FOR DRX-C/F FMT,DRX-Compass FMT WW,D278,,require,hard_block,,,,
review:0206,DRX-Compass FMT WW!E278:8627184:free_text_constraint,free_text_constraint,needs_review,partially_implemented_region_rule,natural_language_constraint_needs_normalization,8627184,fmt_step_17b,,C;US,hard_block,0.6,US&C Only,DRX-Compass FMT WW,E278,,review_needed,review_needed,,,,
review:0207,DRX-Compass FMT WW!D279:6704431:feature_requirement,feature_requirement,needs_review,not_implemented,not_yet_implemented_requirement_rule,6704431,fmt_step_17b,,,unknown,0.6,"CAMERA STAND, SMART ROOM",DRX-Compass FMT WW,D279,,require,hard_block,,,,
review:0208,DRX-Compass FMT WW!D281:step_rule,feature_requirement,needs_review,not_implemented,not_yet_implemented_requirement_rule,,,,,unknown,0.65,SNC,DRX-Compass FMT WW,D281,,require,hard_block,,,,
review:0209,DRX-Compass FMT WW!D289:6703839:free_text_constraint,free_text_constraint,needs_review,partially_implemented_region_rule,natural_language_constraint_needs_normalization,6703839,fmt_step_19,,C,hard_block,0.6,OCCUP DISEASE SCREENING FOR DRX-C/F (China only),DRX-Compass FMT WW,D289,,review_needed,review_needed,,,,
review:0210,DRX-Compass FMT WW!E290:8623860:free_text_constraint,free_text_constraint,needs_review,not_implemented,natural_language_constraint_needs_normalization,8623860,fmt_step_19,,,hard_block,0.6,"Phase out from Compass only after Compass 2023 launch, Still used for Evo",DRX-Compass FMT WW,E290,,review_needed,review_needed,,,,
review:0211,DRX-Compass FMT WW!D291:8623886:feature_requirement,feature_requirement,needs_review,not_implemented,not_yet_implemented_requirement_rule,8623886,fmt_step_19,,,unknown,0.6,3D CAMERA FOR SMART ROOM,DRX-Compass FMT WW,D291,,require,hard_block,,,,
review:0212,DRX-Compass FMT WW!E291:8623886:free_text_constraint,free_text_constraint,needs_review,not_implemented,natural_language_constraint_needs_normalization,8623886,fmt_step_19,,,hard_block,0.6,"Phase out from Compass only after Compass 2023 launch, Still used for Evo",DRX-Compass FMT WW,E291,,review_needed,review_needed,,,,
review:0213,DRX-Compass FMT WW!D292:6708366:free_text_constraint,free_text_constraint,needs_review,not_implemented,natural_language_constraint_needs_normalization,6708366,fmt_step_19,,,unknown,0.6,GRID FOR DRX-LC,DRX-Compass FMT WW,D292,,review_needed,review_needed,,,,
review:0214,DRX-Compass OTC WW!D10:8621617:free_text_constraint,free_text_constraint,needs_review,not_implemented,natural_language_constraint_needs_normalization,8621617,otc_step_1a,,,unknown,0.6,Select proper system hub base system based upon Generator power requirements Includes: -DRX Console - Compass Includes Monitor 23 inch & Computer -PDU for input power 380-480 VAC -Detector Calibration kit with Phantom,DRX-Compass OTC WW,D10,,review_needed,review_needed,,,,
review:0215,DRX-Compass OTC WW!D11:8622359:free_text_constraint,free_text_constraint,needs_review,not_implemented,natural_language_constraint_needs_normalization,8622359,otc_step_1a,,,unknown,0.6,Select proper system Hub base system based upon Generator power requirements Includes: -DRX Console - Compass Includes Monitor 23 inch & Computer -PDU for input power 208-240 VAC -Detector Calibration kit with Phantom,DRX-Compass OTC WW,D11,,review_needed,review_needed,,,,
review:0216,DRX-Compass OTC WW!C14:step_rule,region_only,auto_approved,not_implemented,region_part_implemented_review_extra_text,,,,,hard_block,0.9,Select Branding Kit - US Region Only,DRX-Compass OTC WW,C14,,region_allow,hard_block,,,,
review:0217,DRX-Compass OTC WW!C16:6703656:free_text_constraint,free_text_constraint,needs_review,not_implemented,natural_language_constraint_needs_normalization,6703656,otc_step_1b,,,hard_block,0.6,BRANDING KIT DR-FIT TABLE ONLY,DRX-Compass OTC WW,C16,,review_needed,review_needed,,,,
review:0218,DRX-Compass OTC WW!D16:6703656:free_text_constraint,free_text_constraint,needs_review,partially_implemented_region_rule,natural_language_constraint_needs_normalization,6703656,otc_step_1b,,C;US,hard_block,0.6,Fit Branding Kits are for Dealer Only and always include with Parts Warranty Only Systems Currently US & C Only,DRX-Compass OTC WW,D16,,review_needed,review_needed,,,,
review:0219,DRX-Compass OTC WW!C17:6703664:free_text_constraint,free_text_constraint,needs_review,not_implemented,natural_language_constraint_needs_normalization,6703664,otc_step_1b,,,hard_block,0.6,BRANDING DR-FIT OTC & WS ONLY,DRX-Compass OTC WW,C17,,review_needed,review_needed,,,,
review:0220,DRX-Compass OTC WW!D17:6703664:free_text_constraint,free_text_constraint,needs_review,partially_implemented_region_rule,natural_language_constraint_needs_normalization,6703664,otc_step_1b,,C;US,hard_block,0.6,Fit Branding Kits are for Dealer Only and always include with Parts Warranty Only Systems Currently US & C Only,DRX-Compass OTC WW,D17,,review_needed,review_needed,,,,
review:0221,DRX-Compass OTC WW!C18:6703680:free_text_constraint,free_text_constraint,needs_review,not_implemented,natural_language_constraint_needs_normalization,6703680,otc_step_1b,,,hard_block,0.6,BRANDING DRX-COMPASS TABLE ONLY,DRX-Compass OTC WW,C18,,review_needed,review_needed,,,,
review:0222,DRX-Compass OTC WW!D18:6703680:free_text_constraint,free_text_constraint,needs_review,not_implemented,natural_language_constraint_needs_normalization,6703680,otc_step_1b,,,hard_block,0.6,Compass Branding Kits are for Direct or Dealer Systems and may include either Full I & W OR Parts Warranty Only,DRX-Compass OTC WW,D18,,review_needed,review_needed,,,,
review:0223,DRX-Compass OTC WW!C19:6703698:free_text_constraint,free_text_constraint,needs_review,not_implemented,natural_language_constraint_needs_normalization,6703698,otc_step_1b,,,hard_block,0.6,BRANDING DRX-COMPASS OTC & WS ONLY,DRX-Compass OTC WW,C19,,review_needed,review_needed,,,,
review:0224,DRX-Compass OTC WW!D19:6703698:free_text_constraint,free_text_constraint,needs_review,not_implemented,natural_language_constraint_needs_normalization,6703698,otc_step_1b,,,hard_block,0.6,Compass Branding Kits are for Direct or Dealer Systems and may include either Full I & W OR Parts Warranty Only,DRX-Compass OTC WW,D19,,review_needed,review_needed,,,,
review:0225,DRX-Compass OTC WW!C20:6705289:free_text_constraint,free_text_constraint,needs_review,not_implemented,natural_language_constraint_needs_normalization,6705289,otc_step_1b,,,hard_block,0.6,BRANDING DRX-FIT OTC ONLY,DRX-Compass OTC WW,C20,,review_needed,review_needed,,,,
review:0226,DRX-Compass OTC WW!D20:6705289:free_text_constraint,free_text_constraint,needs_review,partially_implemented_region_rule,natural_language_constraint_needs_normalization,6705289,otc_step_1b,,C;US,hard_block,0.6,Fit Branding Kits are for Dealer Only and always include with Parts Warranty Only Systems Currently US & C Only,DRX-Compass OTC WW,D20,,review_needed,review_needed,,,,
review:0227,DRX-Compass OTC WW!C21:6705297:free_text_constraint,free_text_constraint,needs_review,not_implemented,natural_language_constraint_needs_normalization,6705297,otc_step_1b,,,hard_block,0.6,BRANDING DRX-COMPASS OTC ONLY,DRX-Compass OTC WW,C21,,review_needed,review_needed,,,,
review:0228,DRX-Compass OTC WW!D21:6705297:free_text_constraint,free_text_constraint,needs_review,not_implemented,natural_language_constraint_needs_normalization,6705297,otc_step_1b,,,hard_block,0.6,Compass Branding Kits are for Direct or Dealer Systems and may include either Full I & W OR Parts Warranty Only,DRX-Compass OTC WW,D21,,review_needed,review_needed,,,,
review:0229,DRX-Compass OTC WW!C22:6705321:free_text_constraint,free_text_constraint,needs_review,not_implemented,natural_language_constraint_needs_normalization,6705321,otc_step_1b,,,hard_block,0.6,BRANDING DRX-FIT WS ONLY,DRX-Compass OTC WW,C22,,review_needed,review_needed,,,,
review:0230,DRX-Compass OTC WW!D22:6705321:free_text_constraint,free_text_constraint,needs_review,partially_implemented_region_rule,natural_language_constraint_needs_normalization,6705321,otc_step_1b,,C;US,hard_block,0.6,Fit Branding Kits are for Dealer Only and always include with Parts Warranty Only Systems Currently US & C Only,DRX-Compass OTC WW,D22,,review_needed,review_needed,,,,
review:0231,DRX-Compass OTC WW!C23:6705339:free_text_constraint,free_text_constraint,needs_review,not_implemented,natural_language_constraint_needs_normalization,6705339,otc_step_1b,,,hard_block,0.6,BRANDING DRX-COMPASS WS ONLY,DRX-Compass OTC WW,C23,,review_needed,review_needed,,,,
review:0232,DRX-Compass OTC WW!D23:6705339:free_text_constraint,free_text_constraint,needs_review,not_implemented,natural_language_constraint_needs_normalization,6705339,otc_step_1b,,,hard_block,0.6,Compass Branding Kits are for Direct or Dealer Systems and may include either Full I & W OR Parts Warranty Only,DRX-Compass OTC WW,D23,,review_needed,review_needed,,,,
review:0233,DRX-Compass OTC WW!C25:step_rule,must_select,auto_approved,not_implemented,not_yet_implemented_required_selection,,,,,hard_block,0.9,Must Select Generator,DRX-Compass OTC WW,C25,,must_select,hard_block,,,,
review:0234,DRX-Compass OTC WW!C32:step_rule,must_select,auto_approved,not_implemented,not_yet_implemented_required_selection,,,,,hard_block,0.9,Must Select Overhead Tube Crane (OTC) type,DRX-Compass OTC WW,C32,,must_select,hard_block,,,,
review:0235,DRX-Compass OTC WW!D34:8621674:free_text_constraint,free_text_constraint,needs_review,not_implemented,natural_language_constraint_needs_normalization,8621674,otc_step_3,,,hard_block,0.6,Single Axis Motorization :Vertical Linear Direction ONLY,DRX-Compass OTC WW,D34,,review_needed,review_needed,,,,
review:0236,DRX-Compass OTC WW!D35:8621690:free_text_constraint,free_text_constraint,needs_review,not_implemented,natural_language_constraint_needs_normalization,8621690,otc_step_3,,,hard_block,0.6,2 Axis Motorization Vertical Linear and Vertical Rotation Only,DRX-Compass OTC WW,D35,,review_needed,review_needed,,,,
review:0237,DRX-Compass OTC WW!C38:step_rule,must_select,auto_approved,not_implemented,not_yet_implemented_required_selection,,,,,hard_block,0.9,Must Select Longitudinal and Transverse Rails,DRX-Compass OTC WW,C38,,must_select,hard_block,,,,
review:0238,DRX-Compass OTC WW!C44:step_rule,must_select,auto_approved,not_implemented,not_yet_implemented_required_selection,,,,,hard_block,0.9,Must Select one of the following Collimator Options,DRX-Compass OTC WW,C44,,must_select,hard_block,,,,
review:0239,DRX-Compass OTC WW!D51:6705131:free_text_constraint,free_text_constraint,needs_review,not_implemented,natural_language_constraint_needs_normalization,6705131,otc_step_5a,,,hard_block,0.6,MC150 Filterwheel Must be factory installed,DRX-Compass OTC WW,D51,,review_needed,review_needed,,,,
review:0240,DRX-Compass OTC WW!D53:6705156:free_text_constraint,free_text_constraint,needs_review,not_implemented,natural_language_constraint_needs_normalization,6705156,otc_step_5a,,,hard_block,0.6,MC150 vS1 Blade Feedback for SoftDAP POT Digital DRX Console ONLY,DRX-Compass OTC WW,D53,,review_needed,review_needed,,,,
review:0241,DRX-Compass OTC WW!D56:8624850:free_text_constraint,free_text_constraint,needs_review,not_implemented,natural_language_constraint_needs_normalization,8624850,otc_step_6,,,hard_block,0.6,All system detector must be DRX Plus or Focus HD if selected,DRX-Compass OTC WW,D56,,review_needed,review_needed,,,,
review:0242,DRX-Compass OTC WW!E56:8624850:detector_bucky_match,detector_bucky_match,needs_review,not_implemented,not_yet_implemented_detector_bucky_check,8624850,otc_step_6,,,hard_block,0.6,Must be stected DRX Bucky,DRX-Compass OTC WW,E56,,detector_bucky_compatibility,hard_block,,,,
review:0243,DRX-Compass OTC WW!D57:8624959:free_text_constraint,free_text_constraint,needs_review,not_implemented,natural_language_constraint_needs_normalization,8624959,otc_step_6,,,hard_block,0.6,All system detector must be DRX Plus or Focus HD if selected,DRX-Compass OTC WW,D57,,review_needed,review_needed,,,,
review:0244,DRX-Compass OTC WW!E57:8624959:detector_bucky_match,detector_bucky_match,needs_review,not_implemented,not_yet_implemented_detector_bucky_check,8624959,otc_step_6,,,hard_block,0.6,Must be stected DRX Bucky,DRX-Compass OTC WW,E57,,detector_bucky_compatibility,hard_block,,,,
review:0245,DRX-Compass OTC WW!C58:8615205:free_text_constraint,free_text_constraint,needs_review,not_implemented,natural_language_constraint_needs_normalization,8615205,otc_step_6,,,hard_block,0.6,DRX Plus 2530C Only for tabletop,DRX-Compass OTC WW,C58,,review_needed,review_needed,,,,
review:0246,DRX-Compass OTC WW!D58:8615205:free_text_constraint,free_text_constraint,needs_review,not_implemented,natural_language_constraint_needs_normalization,8615205,otc_step_6,,,hard_block,0.6,All system detector must be DRX Plus or Focus HD if selected,DRX-Compass OTC WW,D58,,review_needed,review_needed,,,,
review:0247,DRX-Compass OTC WW!E58:8615205:free_text_constraint,free_text_constraint,needs_review,not_implemented,natural_language_constraint_needs_normalization,8615205,otc_step_6,,,hard_block,0.6,Only for tabletop,DRX-Compass OTC WW,E58,,review_needed,review_needed,,,,
review:0248,DRX-Compass OTC WW!D59:6701122:free_text_constraint,free_text_constraint,needs_review,not_implemented,natural_language_constraint_needs_normalization,6701122,otc_step_6,,,hard_block,0.6,All system detector must be Focus if selected,DRX-Compass OTC WW,D59,,review_needed,review_needed,,,,
review:0249,DRX-Compass OTC WW!E59:6701122:detector_bucky_match,detector_bucky_match,needs_review,not_implemented,not_yet_implemented_detector_bucky_check,6701122,otc_step_6,,,hard_block,0.6,Must be stected Focus Bucky,DRX-Compass OTC WW,E59,,detector_bucky_compatibility,hard_block,,,,
review:0250,DRX-Compass OTC WW!D60:8620148:region_only,region_only,auto_approved,partially_implemented_region_rule,region_part_implemented_review_extra_text,8620148,otc_step_6,,C;US,hard_block,0.9,US & C Market Only All system detector must be Focus if selected,DRX-Compass OTC WW,D60,,region_allow,hard_block,,,,
review:0251,DRX-Compass OTC WW!E60:8620148:detector_bucky_match,detector_bucky_match,needs_review,not_implemented,not_yet_implemented_detector_bucky_check,8620148,otc_step_6,,,hard_block,0.6,Must be stected Focus Bucky,DRX-Compass OTC WW,E60,,detector_bucky_compatibility,hard_block,,,,
review:0252,DRX-Compass OTC WW!D61:6702336:free_text_constraint,free_text_constraint,needs_review,not_implemented,natural_language_constraint_needs_normalization,6702336,otc_step_6,,,hard_block,0.6,All system detector must be Focus if selected,DRX-Compass OTC WW,D61,,review_needed,review_needed,,,,
review:0253,DRX-Compass OTC WW!E61:6702336:detector_bucky_match,detector_bucky_match,needs_review,not_implemented,not_yet_implemented_detector_bucky_check,6702336,otc_step_6,,,hard_block,0.6,Must be stected Focus Bucky,DRX-Compass OTC WW,E61,,detector_bucky_compatibility,hard_block,,,,
review:0254,DRX-Compass OTC WW!D62:8621278:region_only,region_only,auto_approved,partially_implemented_region_rule,region_part_implemented_review_extra_text,8621278,otc_step_6,,C;US,hard_block,0.9,US & C Market Only All system detector must be Focus if selected,DRX-Compass OTC WW,D62,,region_allow,hard_block,,,,
review:0255,DRX-Compass OTC WW!E62:8621278:detector_bucky_match,detector_bucky_match,needs_review,not_implemented,not_yet_implemented_detector_bucky_check,8621278,otc_step_6,,,hard_block,0.6,Must be stected Focus Bucky,DRX-Compass OTC WW,E62,,detector_bucky_compatibility,hard_block,,,,
review:0256,DRX-Compass OTC WW!D63:6705727:detector_grid_match,detector_grid_match,needs_review,partially_implemented_detector_grid_matrix,candidate_detector_grid_rule_needs_confirmation,6705727,otc_step_6,,,hard_block,0.6,All system detector must be DRX Plus or Focus HD if selected Does not match 44LINE/CM Grids,DRX-Compass OTC WW,D63,,detector_grid_support,hard_block,,,,
review:0257,DRX-Compass OTC WW!E63:6705727:detector_bucky_match,detector_bucky_match,needs_review,not_implemented,not_yet_implemented_detector_bucky_check,6705727,otc_step_6,,,hard_block,0.6,Must be stected DRX Bucky,DRX-Compass OTC WW,E63,,detector_bucky_compatibility,hard_block,,,,
review:0258,DRX-Compass OTC WW!D64:6705735:detector_grid_match,detector_grid_match,needs_review,partially_implemented_detector_grid_matrix,candidate_detector_grid_rule_needs_confirmation,6705735,otc_step_6,,,hard_block,0.6,All system detector must be DRX Plus or Focus HD if selected Does not match 44LINE/CM Grids,DRX-Compass OTC WW,D64,,detector_grid_support,hard_block,,,,
review:0259,DRX-Compass OTC WW!E64:6705735:detector_bucky_match,detector_bucky_match,needs_review,not_implemented,not_yet_implemented_detector_bucky_check,6705735,otc_step_6,,,hard_block,0.6,Must be stected DRX Bucky,DRX-Compass OTC WW,E64,,detector_bucky_compatibility,hard_block,,,,
review:0260,DRX-Compass OTC WW!D65:8625246:detector_grid_match,detector_grid_match,needs_review,partially_implemented_detector_grid_matrix,candidate_detector_grid_rule_needs_confirmation,8625246,otc_step_6,,C;US,hard_block,0.6,US & C Market .All system detector must be DRX Plus or Focus HD if selected Does not match 44LINE/CM Grids,DRX-Compass OTC WW,D65,,detector_grid_support,hard_block,,,,
review:0261,DRX-Compass OTC WW!E65:8625246:detector_bucky_match,detector_bucky_match,needs_review,not_implemented,not_yet_implemented_detector_bucky_check,8625246,otc_step_6,,,hard_block,0.6,Must be stected DRX Bucky,DRX-Compass OTC WW,E65,,detector_bucky_compatibility,hard_block,,,,
review:0262,DRX-Compass OTC WW!D66:8625253:detector_grid_match,detector_grid_match,needs_review,partially_implemented_detector_grid_matrix,candidate_detector_grid_rule_needs_confirmation,8625253,otc_step_6,,C;US,hard_block,0.6,US & C Market .All system detector must be DRX Plus or Focus HD if selected Does not match 44LINE/CM Grids,DRX-Compass OTC WW,D66,,detector_grid_support,hard_block,,,,
review:0263,DRX-Compass OTC WW!E66:8625253:detector_bucky_match,detector_bucky_match,needs_review,not_implemented,not_yet_implemented_detector_bucky_check,8625253,otc_step_6,,,hard_block,0.6,Must be stected DRX Bucky,DRX-Compass OTC WW,E66,,detector_bucky_compatibility,hard_block,,,,
review:0264,DRX-Compass OTC WW!D67:8623316:free_text_constraint,free_text_constraint,needs_review,not_implemented,natural_language_constraint_needs_normalization,8623316,otc_step_6,,,hard_block,0.6,All system detector must be DRX Plus or Focus HD if selected,DRX-Compass OTC WW,D67,,review_needed,review_needed,,,,
review:0265,DRX-Compass OTC WW!E67:8623316:detector_bucky_match,detector_bucky_match,needs_review,not_implemented,not_yet_implemented_detector_bucky_check,8623316,otc_step_6,,,hard_block,0.6,Must be stected DRX Bucky,DRX-Compass OTC WW,E67,,detector_bucky_compatibility,hard_block,,,,
review:0266,DRX-Compass OTC WW!C71:step_rule,must_select,auto_approved,not_implemented,not_yet_implemented_required_selection,,,,,hard_block,0.9,Select Wireless Access Point (Must Select One),DRX-Compass OTC WW,C71,,must_select,hard_block,,,,
review:0267,DRX-Compass OTC WW!C86:step_rule,must_select,auto_approved,not_implemented,not_yet_implemented_required_selection,,,,,hard_block,0.9,Must Select one of the following Tube Options,DRX-Compass OTC WW,C86,,must_select,hard_block,,,,
review:0268,DRX-Compass OTC WW!C94:6701585:free_text_constraint,free_text_constraint,needs_review,not_implemented,natural_language_constraint_needs_normalization,6701585,otc_step_9a,,C,unknown,0.6,WallStand-T Z-MOTORIZED w/o Bucky C/F,DRX-Compass OTC WW,C94,,review_needed,review_needed,,,,
review:0269,DRX-Compass OTC WW!C95:6701593:free_text_constraint,free_text_constraint,needs_review,not_implemented,natural_language_constraint_needs_normalization,6701593,otc_step_9a,,C,unknown,0.6,WallStand-NT Z-MOTORIZED w/o Bucky C/F,DRX-Compass OTC WW,C95,,review_needed,review_needed,,,,
review:0270,DRX-Compass OTC WW!C96:8621765:free_text_constraint,free_text_constraint,needs_review,not_implemented,natural_language_constraint_needs_normalization,8621765,otc_step_9a,,C,unknown,0.6,WallStand-T Z-MANUAL w/o Bucky C/F,DRX-Compass OTC WW,C96,,review_needed,review_needed,,,,
review:0271,DRX-Compass OTC WW!C97:8621773:free_text_constraint,free_text_constraint,needs_review,not_implemented,natural_language_constraint_needs_normalization,8621773,otc_step_9a,,C,unknown,0.6,WallStand-NT Z-MANUAL w/o Bucky C/F,DRX-Compass OTC WW,C97,,review_needed,review_needed,,,,
review:0272,DRX-Compass OTC WW!C101:6701726:detector_bucky_match,detector_bucky_match,needs_review,not_implemented,not_yet_implemented_detector_bucky_check,6701726,otc_step_9b,,,unknown,0.6,DRX Intermix Bucky for WS Left,DRX-Compass OTC WW,C101,,detector_bucky_compatibility,hard_block,,,,
review:0273,DRX-Compass OTC WW!D101:6701726:free_text_constraint,free_text_constraint,needs_review,not_implemented,natural_language_constraint_needs_normalization,6701726,otc_step_9b,,,hard_block,0.6,Use Only With Other DRX Detector,DRX-Compass OTC WW,D101,,review_needed,review_needed,,,,
review:0274,DRX-Compass OTC WW!C102:8621807:detector_bucky_match,detector_bucky_match,needs_review,not_implemented,not_yet_implemented_detector_bucky_check,8621807,otc_step_9b,,,unknown,0.6,DRX Intermix Bucky for WS Right,DRX-Compass OTC WW,C102,,detector_bucky_compatibility,hard_block,,,,
review:0275,DRX-Compass OTC WW!D102:8621807:free_text_constraint,free_text_constraint,needs_review,not_implemented,natural_language_constraint_needs_normalization,8621807,otc_step_9b,,,hard_block,0.6,Use Only With Other DRX Detector,DRX-Compass OTC WW,D102,,review_needed,review_needed,,,,
review:0276,DRX-Compass OTC WW!C103:8621906:detector_bucky_match,detector_bucky_match,needs_review,not_implemented,not_yet_implemented_detector_bucky_check,8621906,otc_step_9b,,,unknown,0.6,DRX WOD Bucky for WS Left,DRX-Compass OTC WW,C103,,detector_bucky_compatibility,hard_block,,,,
review:0277,DRX-Compass OTC WW!D103:8621906:free_text_constraint,free_text_constraint,needs_review,not_implemented,natural_language_constraint_needs_normalization,8621906,otc_step_9b,,,hard_block,0.6,Use Only With Other DRX Detector,DRX-Compass OTC WW,D103,,review_needed,review_needed,,,,
review:0278,DRX-Compass OTC WW!C104:8621815:detector_bucky_match,detector_bucky_match,needs_review,not_implemented,not_yet_implemented_detector_bucky_check,8621815,otc_step_9b,,,unknown,0.6,Focus 35C Bucky for WS Left,DRX-Compass OTC WW,C104,,detector_bucky_compatibility,hard_block,,,,
review:0279,DRX-Compass OTC WW!D104:8621815:free_text_constraint,free_text_constraint,needs_review,not_implemented,natural_language_constraint_needs_normalization,8621815,otc_step_9b,,,hard_block,0.6,Use Only With Other Focus Detector,DRX-Compass OTC WW,D104,,review_needed,review_needed,,,,
review:0280,DRX-Compass OTC WW!C105:8621823:detector_bucky_match,detector_bucky_match,needs_review,not_implemented,not_yet_implemented_detector_bucky_check,8621823,otc_step_9b,,,unknown,0.6,Focus 35C Bucky for WS Right,DRX-Compass OTC WW,C105,,detector_bucky_compatibility,hard_block,,,,
review:0281,DRX-Compass OTC WW!D105:8621823:free_text_constraint,free_text_constraint,needs_review,not_implemented,natural_language_constraint_needs_normalization,8621823,otc_step_9b,,,hard_block,0.6,Use Only With Other Focus Detector,DRX-Compass OTC WW,D105,,review_needed,review_needed,,,,
review:0282,DRX-Compass OTC WW!C106:8621831:detector_bucky_match,detector_bucky_match,needs_review,not_implemented,not_yet_implemented_detector_bucky_check,8621831,otc_step_9b,,,unknown,0.6,Focus 43C Bucky for WS Left,DRX-Compass OTC WW,C106,,detector_bucky_compatibility,hard_block,,,,
review:0283,DRX-Compass OTC WW!D106:8621831:free_text_constraint,free_text_constraint,needs_review,not_implemented,natural_language_constraint_needs_normalization,8621831,otc_step_9b,,,hard_block,0.6,Use Only With Other Focus Detector,DRX-Compass OTC WW,D106,,review_needed,review_needed,,,,
review:0284,DRX-Compass OTC WW!C107:8621856:detector_bucky_match,detector_bucky_match,needs_review,not_implemented,not_yet_implemented_detector_bucky_check,8621856,otc_step_9b,,,unknown,0.6,Focus 43C Bucky for WS Right,DRX-Compass OTC WW,C107,,detector_bucky_compatibility,hard_block,,,,
review:0285,DRX-Compass OTC WW!D107:8621856:free_text_constraint,free_text_constraint,needs_review,not_implemented,natural_language_constraint_needs_normalization,8621856,otc_step_9b,,,hard_block,0.6,Use Only With Other Focus Detector,DRX-Compass OTC WW,D107,,review_needed,review_needed,,,,
review:0286,DRX-Compass OTC WW!C108:8621864:detector_bucky_match,detector_bucky_match,needs_review,not_implemented,not_yet_implemented_detector_bucky_check,8621864,otc_step_9b,,,unknown,0.6,Focus Intermix Bucky for WS Left,DRX-Compass OTC WW,C108,,detector_bucky_compatibility,hard_block,,,,
review:0287,DRX-Compass OTC WW!D108:8621864:free_text_constraint,free_text_constraint,needs_review,not_implemented,natural_language_constraint_needs_normalization,8621864,otc_step_9b,,,hard_block,0.6,Use Only With Other Focus Detector,DRX-Compass OTC WW,D108,,review_needed,review_needed,,,,
review:0288,DRX-Compass OTC WW!C109:8621872:detector_bucky_match,detector_bucky_match,needs_review,not_implemented,not_yet_implemented_detector_bucky_check,8621872,otc_step_9b,,,unknown,0.6,Focus Intermix Bucky for WS Right,DRX-Compass OTC WW,C109,,detector_bucky_compatibility,hard_block,,,,
review:0289,DRX-Compass OTC WW!D109:8621872:free_text_constraint,free_text_constraint,needs_review,not_implemented,natural_language_constraint_needs_normalization,8621872,otc_step_9b,,,hard_block,0.6,Use Only With Other Focus Detector,DRX-Compass OTC WW,D109,,review_needed,review_needed,,,,
review:0290,DRX-Compass OTC WW!C110:8621898:detector_bucky_match,detector_bucky_match,needs_review,not_implemented,not_yet_implemented_detector_bucky_check,8621898,otc_step_9b,,,unknown,0.6,Focus WOD Bucky for WS Left,DRX-Compass OTC WW,C110,,detector_bucky_compatibility,hard_block,,,,
review:0291,DRX-Compass OTC WW!D110:8621898:free_text_constraint,free_text_constraint,needs_review,not_implemented,natural_language_constraint_needs_normalization,8621898,otc_step_9b,,,hard_block,0.6,Use Only With Other Focus Detector,DRX-Compass OTC WW,D110,,review_needed,review_needed,,,,
review:0292,DRX-Compass OTC WW!C111:6709760:detector_bucky_match,detector_bucky_match,needs_review,not_implemented,not_yet_implemented_detector_bucky_check,6709760,otc_step_9b,,,unknown,0.6,DRX WOD Bucky for WS Right,DRX-Compass OTC WW,C111,,detector_bucky_compatibility,hard_block,,,,
review:0293,DRX-Compass OTC WW!D111:6709760:free_text_constraint,free_text_constraint,needs_review,not_implemented,natural_language_constraint_needs_normalization,6709760,otc_step_9b,,,hard_block,0.6,Use Only With Other DRX Detector,DRX-Compass OTC WW,D111,,review_needed,review_needed,,,,
review:0294,DRX-Compass OTC WW!C112:6709778:detector_bucky_match,detector_bucky_match,needs_review,not_implemented,not_yet_implemented_detector_bucky_check,6709778,otc_step_9b,,,unknown,0.6,Focus WOD Bucky for WS Right,DRX-Compass OTC WW,C112,,detector_bucky_compatibility,hard_block,,,,
review:0295,DRX-Compass OTC WW!D112:6709778:free_text_constraint,free_text_constraint,needs_review,not_implemented,natural_language_constraint_needs_normalization,6709778,otc_step_9b,,,hard_block,0.6,Use Only With Other Focus Detector,DRX-Compass OTC WW,D112,,review_needed,review_needed,,,,
review:0296,DRX-Compass OTC WW!C119:8621997:free_text_constraint,free_text_constraint,needs_review,not_implemented,natural_language_constraint_needs_normalization,8621997,otc_step_10,,,unknown,0.6,GRID 103L/I FD 40-72 10:1,DRX-Compass OTC WW,C119,,review_needed,review_needed,,,,
review:0297,DRX-Compass OTC WW!D119:8621997:detector_grid_match,detector_grid_match,needs_review,partially_implemented_detector_grid_matrix,candidate_detector_grid_rule_needs_confirmation,8621997,otc_step_10,,,unknown,0.6,refer Config Matrix of Detector&Grid,DRX-Compass OTC WW,D119,,detector_grid_support,hard_block,,,,
review:0298,DRX-Compass OTC WW!C120:6701718:free_text_constraint,free_text_constraint,needs_review,not_implemented,natural_language_constraint_needs_normalization,6701718,otc_step_10,,,unknown,0.6,GRID 44LINE/CM FD 130 10:1,DRX-Compass OTC WW,C120,,review_needed,review_needed,,,,
review:0299,DRX-Compass OTC WW!D120:6701718:detector_grid_match,detector_grid_match,needs_review,partially_implemented_detector_grid_matrix,candidate_detector_grid_rule_needs_confirmation,6701718,otc_step_10,,,unknown,0.6,refer Config Matrix of Detector&Grid,DRX-Compass OTC WW,D120,,detector_grid_support,hard_block,,,,
review:0300,DRX-Compass OTC WW!C121:8622029:free_text_constraint,free_text_constraint,needs_review,not_implemented,natural_language_constraint_needs_normalization,8622029,otc_step_10,,,unknown,0.6,GRID 200L/I FD 40-72 10:1,DRX-Compass OTC WW,C121,,review_needed,review_needed,,,,
review:0301,DRX-Compass OTC WW!D121:8622029:detector_grid_match,detector_grid_match,needs_review,partially_implemented_detector_grid_matrix,candidate_detector_grid_rule_needs_confirmation,8622029,otc_step_10,,,unknown,0.6,refer Config Matrix of Detector&Grid,DRX-Compass OTC WW,D121,,detector_grid_support,hard_block,,,,
review:0302,DRX-Compass OTC WW!C122:8622052:free_text_constraint,free_text_constraint,needs_review,not_implemented,natural_language_constraint_needs_normalization,8622052,otc_step_10,,,unknown,0.6,GRID 44LINE/CM FD 130 12:1,DRX-Compass OTC WW,C122,,review_needed,review_needed,,,,
review:0303,DRX-Compass OTC WW!D122:8622052:detector_grid_match,detector_grid_match,needs_review,partially_implemented_detector_grid_matrix,candidate_detector_grid_rule_needs_confirmation,8622052,otc_step_10,,,unknown,0.6,refer Config Matrix of Detector&Grid,DRX-Compass OTC WW,D122,,detector_grid_support,hard_block,,,,
review:0304,DRX-Compass OTC WW!C123:8622045:free_text_constraint,free_text_constraint,needs_review,not_implemented,natural_language_constraint_needs_normalization,8622045,otc_step_10,,,unknown,0.6,GRID 44LINE/CM FD 100 12:1 LANDSCAPE,DRX-Compass OTC WW,C123,,review_needed,review_needed,,,,
review:0305,DRX-Compass OTC WW!D123:8622045:detector_grid_match,detector_grid_match,needs_review,partially_implemented_detector_grid_matrix,candidate_detector_grid_rule_needs_confirmation,8622045,otc_step_10,,,unknown,0.6,refer Config Matrix of Detector&Grid,DRX-Compass OTC WW,D123,,detector_grid_support,hard_block,,,,
review:0306,DRX-Compass OTC WW!C124:8622060:free_text_constraint,free_text_constraint,needs_review,not_implemented,natural_language_constraint_needs_normalization,8622060,otc_step_10,,,unknown,0.6,GRID 44LINE/CM FD 180 12:1,DRX-Compass OTC WW,C124,,review_needed,review_needed,,,,
review:0307,DRX-Compass OTC WW!D124:8622060:detector_grid_match,detector_grid_match,needs_review,partially_implemented_detector_grid_matrix,candidate_detector_grid_rule_needs_confirmation,8622060,otc_step_10,,,unknown,0.6,refer Config Matrix of Detector&Grid,DRX-Compass OTC WW,D124,,detector_grid_support,hard_block,,,,
review:0308,DRX-Compass OTC WW!C128:6701668:free_text_constraint,free_text_constraint,needs_review,not_implemented,natural_language_constraint_needs_normalization,6701668,otc_step_11a,,C,unknown,0.6,Table QT-740 w/oBucky w/AT C/F,DRX-Compass OTC WW,C128,,review_needed,review_needed,,,,
review:0309,DRX-Compass OTC WW!D128:6701668:free_text_constraint,free_text_constraint,needs_review,not_implemented,natural_language_constraint_needs_normalization,6701668,otc_step_11a,,,unknown,0.6,"QT-740 Float Top, Non-Elevating with Bucky Tracking",DRX-Compass OTC WW,D128,,review_needed,review_needed,,,,
review:0310,DRX-Compass OTC WW!C129:6701692:free_text_constraint,free_text_constraint,needs_review,not_implemented,natural_language_constraint_needs_normalization,6701692,otc_step_11a,,C,unknown,0.6,Table QT-750 w/o Bucky C/F,DRX-Compass OTC WW,C129,,review_needed,review_needed,,,,
review:0311,DRX-Compass OTC WW!D129:6701692:free_text_constraint,free_text_constraint,needs_review,not_implemented,natural_language_constraint_needs_normalization,6701692,otc_step_11a,,,unknown,0.6,"QT-750 Float Top ,Elevating with Bucky Tracking",DRX-Compass OTC WW,D129,,review_needed,review_needed,,,,
review:0312,DRX-Compass OTC WW!E130:6700231:free_text_constraint,free_text_constraint,needs_review,not_implemented,natural_language_constraint_needs_normalization,6700231,otc_step_11a,,,hard_block,0.6,Only for No table configuration,DRX-Compass OTC WW,E130,,review_needed,review_needed,,,,
review:0313,DRX-Compass OTC WW!C135:8621922:detector_bucky_match,detector_bucky_match,needs_review,not_implemented,not_yet_implemented_detector_bucky_check,8621922,otc_step_11b,,,unknown,0.6,DRX Intermix Bucky for Table,DRX-Compass OTC WW,C135,,detector_bucky_compatibility,hard_block,,,,
review:0314,DRX-Compass OTC WW!D135:8621922:free_text_constraint,free_text_constraint,needs_review,not_implemented,natural_language_constraint_needs_normalization,8621922,otc_step_11b,,,hard_block,0.6,DRX Detector and Focus HD Detector Use Only,DRX-Compass OTC WW,D135,,review_needed,review_needed,,,,
review:0315,DRX-Compass OTC WW!C136:8621971:detector_bucky_match,detector_bucky_match,needs_review,not_implemented,not_yet_implemented_detector_bucky_check,8621971,otc_step_11b,,,unknown,0.6,DRX WOD Bucky for Table,DRX-Compass OTC WW,C136,,detector_bucky_compatibility,hard_block,,,,
review:0316,DRX-Compass OTC WW!D136:8621971:free_text_constraint,free_text_constraint,needs_review,not_implemented,natural_language_constraint_needs_normalization,8621971,otc_step_11b,,,hard_block,0.6,DRX Detector and Focus HD Detector Use Only,DRX-Compass OTC WW,D136,,review_needed,review_needed,,,,
review:0317,DRX-Compass OTC WW!C137:8621930:detector_bucky_match,detector_bucky_match,needs_review,not_implemented,not_yet_implemented_detector_bucky_check,8621930,otc_step_11b,,,unknown,0.6,Focus 35C Bucky for Table,DRX-Compass OTC WW,C137,,detector_bucky_compatibility,hard_block,,,,
review:0318,DRX-Compass OTC WW!D137:8621930:free_text_constraint,free_text_constraint,needs_review,not_implemented,natural_language_constraint_needs_normalization,8621930,otc_step_11b,,,hard_block,0.6,Focus Detector Use ONLY,DRX-Compass OTC WW,D137,,review_needed,review_needed,,,,
review:0319,DRX-Compass OTC WW!C138:8621948:detector_bucky_match,detector_bucky_match,needs_review,not_implemented,not_yet_implemented_detector_bucky_check,8621948,otc_step_11b,,,unknown,0.6,Focus 43C Bucky for Table,DRX-Compass OTC WW,C138,,detector_bucky_compatibility,hard_block,,,,
review:0320,DRX-Compass OTC WW!D138:8621948:free_text_constraint,free_text_constraint,needs_review,not_implemented,natural_language_constraint_needs_normalization,8621948,otc_step_11b,,,hard_block,0.6,Focus Detector Use ONLY,DRX-Compass OTC WW,D138,,review_needed,review_needed,,,,
review:0321,DRX-Compass OTC WW!C139:8621955:detector_bucky_match,detector_bucky_match,needs_review,not_implemented,not_yet_implemented_detector_bucky_check,8621955,otc_step_11b,,,unknown,0.6,Focus Intermix Bucky for Table,DRX-Compass OTC WW,C139,,detector_bucky_compatibility,hard_block,,,,
review:0322,DRX-Compass OTC WW!D139:8621955:free_text_constraint,free_text_constraint,needs_review,not_implemented,natural_language_constraint_needs_normalization,8621955,otc_step_11b,,,hard_block,0.6,Focus Detector Use ONLY,DRX-Compass OTC WW,D139,,review_needed,review_needed,,,,
review:0323,DRX-Compass OTC WW!C140:8621963:detector_bucky_match,detector_bucky_match,needs_review,not_implemented,not_yet_implemented_detector_bucky_check,8621963,otc_step_11b,,,unknown,0.6,Focus WOD Bucky for Table,DRX-Compass OTC WW,C140,,detector_bucky_compatibility,hard_block,,,,
review:0324,DRX-Compass OTC WW!D140:8621963:free_text_constraint,free_text_constraint,needs_review,not_implemented,natural_language_constraint_needs_normalization,8621963,otc_step_11b,,,hard_block,0.6,Focus Detector Use ONLY,DRX-Compass OTC WW,D140,,review_needed,review_needed,,,,
review:0325,DRX-Compass OTC WW!C147:8621989:free_text_constraint,free_text_constraint,needs_review,not_implemented,natural_language_constraint_needs_normalization,8621989,otc_step_12,,,unknown,0.6,GRID 103L/I FD 34-44 10:1,DRX-Compass OTC WW,C147,,review_needed,review_needed,,,,
review:0326,DRX-Compass OTC WW!D147:8621989:detector_grid_match,detector_grid_match,needs_review,partially_implemented_detector_grid_matrix,candidate_detector_grid_rule_needs_confirmation,8621989,otc_step_12,,,unknown,0.6,refer Config Matrix of Detector&Grid,DRX-Compass OTC WW,D147,,detector_grid_support,hard_block,,,,
review:0327,DRX-Compass OTC WW!C148:6701700:free_text_constraint,free_text_constraint,needs_review,not_implemented,natural_language_constraint_needs_normalization,6701700,otc_step_12,,,unknown,0.6,GRID 44LINE/CM FD 100 10:1,DRX-Compass OTC WW,C148,,review_needed,review_needed,,,,
review:0328,DRX-Compass OTC WW!D148:6701700:detector_grid_match,detector_grid_match,needs_review,partially_implemented_detector_grid_matrix,candidate_detector_grid_rule_needs_confirmation,6701700,otc_step_12,,,unknown,0.6,refer Config Matrix of Detector&Grid,DRX-Compass OTC WW,D148,,detector_grid_support,hard_block,,,,
review:0329,DRX-Compass OTC WW!C149:6701718:free_text_constraint,free_text_constraint,needs_review,not_implemented,natural_language_constraint_needs_normalization,6701718,otc_step_12,,,unknown,0.6,GRID 44LINE/CM FD 130 10:1,DRX-Compass OTC WW,C149,,review_needed,review_needed,,,,
review:0330,DRX-Compass OTC WW!D149:6701718:detector_grid_match,detector_grid_match,needs_review,partially_implemented_detector_grid_matrix,candidate_detector_grid_rule_needs_confirmation,6701718,otc_step_12,,,unknown,0.6,refer Config Matrix of Detector&Grid,DRX-Compass OTC WW,D149,,detector_grid_support,hard_block,,,,
review:0331,DRX-Compass OTC WW!C150:8622011:free_text_constraint,free_text_constraint,needs_review,not_implemented,natural_language_constraint_needs_normalization,8622011,otc_step_12,,,unknown,0.6,GRID 200L/I FD 34-44 10:1,DRX-Compass OTC WW,C150,,review_needed,review_needed,,,,
review:0332,DRX-Compass OTC WW!D150:8622011:detector_grid_match,detector_grid_match,needs_review,partially_implemented_detector_grid_matrix,candidate_detector_grid_rule_needs_confirmation,8622011,otc_step_12,,,unknown,0.6,refer Config Matrix of Detector&Grid,DRX-Compass OTC WW,D150,,detector_grid_support,hard_block,,,,
review:0333,DRX-Compass OTC WW!C151:8622037:free_text_constraint,free_text_constraint,needs_review,not_implemented,natural_language_constraint_needs_normalization,8622037,otc_step_12,,,unknown,0.6,GRID 44LINE/CM FD 100 12:1,DRX-Compass OTC WW,C151,,review_needed,review_needed,,,,
review:0334,DRX-Compass OTC WW!D151:8622037:detector_grid_match,detector_grid_match,needs_review,partially_implemented_detector_grid_matrix,candidate_detector_grid_rule_needs_confirmation,8622037,otc_step_12,,,unknown,0.6,refer Config Matrix of Detector&Grid,DRX-Compass OTC WW,D151,,detector_grid_support,hard_block,,,,
review:0335,DRX-Compass OTC WW!C152:8622052:free_text_constraint,free_text_constraint,needs_review,not_implemented,natural_language_constraint_needs_normalization,8622052,otc_step_12,,,unknown,0.6,GRID 44LINE/CM FD 130 12:1,DRX-Compass OTC WW,C152,,review_needed,review_needed,,,,
review:0336,DRX-Compass OTC WW!D152:8622052:detector_grid_match,detector_grid_match,needs_review,partially_implemented_detector_grid_matrix,candidate_detector_grid_rule_needs_confirmation,8622052,otc_step_12,,,unknown,0.6,refer Config Matrix of Detector&Grid,DRX-Compass OTC WW,D152,,detector_grid_support,hard_block,,,,
review:0337,DRX-Compass OTC WW!E156:6576136:free_text_constraint,free_text_constraint,needs_review,not_implemented,natural_language_constraint_needs_normalization,6576136,otc_step_13,,,hard_block,0.6,Only select for CGF Generator (Already exsit in the CGN generator),DRX-Compass OTC WW,E156,,review_needed,review_needed,,,,
review:0338,DRX-Compass OTC WW!E162:8621708:free_text_constraint,free_text_constraint,needs_review,not_implemented,natural_language_constraint_needs_normalization,8621708,otc_step_14,,,unknown,0.6,Can select when Z-motorized,DRX-Compass OTC WW,E162,,review_needed,review_needed,,,,
review:0339,DRX-Compass OTC WW!E163:8621724:free_text_constraint,free_text_constraint,needs_review,not_implemented,natural_language_constraint_needs_normalization,8621724,otc_step_14,,,unknown,0.6,Can select when Z-motorized,DRX-Compass OTC WW,E163,,review_needed,review_needed,,,,
review:0340,DRX-Compass OTC WW!E164:8621732:free_text_constraint,free_text_constraint,needs_review,not_implemented,natural_language_constraint_needs_normalization,8621732,otc_step_14,,,unknown,0.6,Can select when Z & Alpha motorized,DRX-Compass OTC WW,E164,,review_needed,review_needed,,,,
review:0341,DRX-Compass OTC WW!D167:8621914:free_text_constraint,free_text_constraint,needs_review,not_implemented,natural_language_constraint_needs_normalization,8621914,otc_step_14,,,unknown,0.6,Kit for adding Autotracking to 740 table bucky,DRX-Compass OTC WW,D167,,review_needed,review_needed,,,,
review:0342,DRX-Compass OTC WW!D173:8622821:free_text_constraint,free_text_constraint,needs_review,not_implemented,natural_language_constraint_needs_normalization,8622821,otc_step_15a,,,unknown,0.6,Availability Varies by Region & Detector Selection,DRX-Compass OTC WW,D173,,review_needed,review_needed,,,,
review:0343,DRX-Compass OTC WW!C186:8623027:free_text_constraint,free_text_constraint,needs_review,not_implemented,natural_language_constraint_needs_normalization,8623027,otc_step_15a,,C,unknown,0.6,SMARTGRID SOFTWARE FOR DRX-C/F,DRX-Compass OTC WW,C186,,review_needed,review_needed,,,,
review:0344,DRX-Compass OTC WW!D188:6703839:free_text_constraint,free_text_constraint,needs_review,partially_implemented_region_rule,natural_language_constraint_needs_normalization,6703839,otc_step_15a,,C,hard_block,0.6,China ONLY at launch,DRX-Compass OTC WW,D188,,review_needed,review_needed,,,,
review:0345,DRX-Compass OTC WW!C194:8623118:free_text_constraint,free_text_constraint,needs_review,partially_implemented_region_rule,natural_language_constraint_needs_normalization,8623118,otc_step_15a,,C,hard_block,0.6,DR TQT ADDL SW ONLY FOR DRX-C/F,DRX-Compass OTC WW,C194,,review_needed,review_needed,,,,
review:0346,DRX-Compass OTC WW!D201:8622862:free_text_constraint,free_text_constraint,needs_review,not_implemented,natural_language_constraint_needs_normalization,8622862,otc_step_15b,,C;OUS;US,unknown,0.6,Availability Varies by Region Currently Yes (OUS & C ) NO US & C,DRX-Compass OTC WW,D201,,review_needed,review_needed,,,,
review:0347,DRX-Compass OTC WW!D208:8622987:free_text_constraint,free_text_constraint,needs_review,not_implemented,natural_language_constraint_needs_normalization,8622987,otc_step_15b,,C;OUS;US,unknown,0.6,Availability Varies by Region Currently Yes (OUS & C ) NO US & C,DRX-Compass OTC WW,D208,,review_needed,review_needed,,,,
review:0348,DRX-Compass OTC WW!D209:8622995:free_text_constraint,free_text_constraint,needs_review,not_implemented,natural_language_constraint_needs_normalization,8622995,otc_step_15b,,C;OUS;US,unknown,0.6,Availability Varies by Region Currently Yes (OUS & C ) NO US & C,DRX-Compass OTC WW,D209,,review_needed,review_needed,,,,
review:0349,DRX-Compass OTC WW!C211:8623027:free_text_constraint,free_text_constraint,needs_review,not_implemented,natural_language_constraint_needs_normalization,8623027,otc_step_15b,,C,unknown,0.6,SMARTGRID SOFTWARE FOR DRX-C/F,DRX-Compass OTC WW,C211,,review_needed,review_needed,,,,
review:0350,DRX-Compass OTC WW!D212:8623035:free_text_constraint,free_text_constraint,needs_review,not_implemented,natural_language_constraint_needs_normalization,8623035,otc_step_15b,,C;OUS;US,unknown,0.6,Availability Varies by Region Currently Yes (OUS & C ) NO US & C,DRX-Compass OTC WW,D212,,review_needed,review_needed,,,,
review:0351,DRX-Compass OTC WW!D213:6703839:free_text_constraint,free_text_constraint,needs_review,partially_implemented_region_rule,natural_language_constraint_needs_normalization,6703839,otc_step_15b,,C,hard_block,0.6,China ONLY at launch,DRX-Compass OTC WW,D213,,review_needed,review_needed,,,,
review:0352,DRX-Compass OTC WW!D216:8623076:free_text_constraint,free_text_constraint,needs_review,not_implemented,natural_language_constraint_needs_normalization,8623076,otc_step_15b,,C;OUS;US,unknown,0.6,Availability Varies by Region Currently Yes (OUS & C ) NO US & C,DRX-Compass OTC WW,D216,,review_needed,review_needed,,,,
review:0353,DRX-Compass OTC WW!D217:8623084:free_text_constraint,free_text_constraint,needs_review,not_implemented,natural_language_constraint_needs_normalization,8623084,otc_step_15b,,C;OUS;US,unknown,0.6,Availability Varies by Region Currently Yes (OUS & C ) NO US & C,DRX-Compass OTC WW,D217,,review_needed,review_needed,,,,
review:0354,DRX-Compass OTC WW!E221:8622102:must_select,must_select,auto_approved,not_implemented,not_yet_implemented_required_selection,8622102,otc_step_16,,,hard_block,0.9,Must be selected when GCC Revisiong,DRX-Compass OTC WW,E221,,must_select,hard_block,,,,
review:0355,DRX-Compass OTC WW!E222:8622110:must_select,must_select,auto_approved,not_implemented,not_yet_implemented_required_selection,8622110,otc_step_16,,,hard_block,0.9,Must be selected when GCC Revisiong,DRX-Compass OTC WW,E222,,must_select,hard_block,,,,
review:0356,DRX-Compass OTC WW!E227:8615460:free_text_constraint,free_text_constraint,needs_review,not_implemented,natural_language_constraint_needs_normalization,8615460,otc_step_16,,,hard_block,0.6,Only for DRX detector,DRX-Compass OTC WW,E227,,review_needed,review_needed,,,,
review:0357,DRX-Compass OTC WW!E228:8618183:free_text_constraint,free_text_constraint,needs_review,not_implemented,natural_language_constraint_needs_normalization,8618183,otc_step_16,,,hard_block,0.6,Only for DRX detector,DRX-Compass OTC WW,E228,,review_needed,review_needed,,,,
review:0358,DRX-Compass OTC WW!E230:6701148:free_text_constraint,free_text_constraint,needs_review,not_implemented,natural_language_constraint_needs_normalization,6701148,otc_step_16,,,hard_block,0.6,Only for Focus detector,DRX-Compass OTC WW,E230,,review_needed,review_needed,,,,
review:0359,DRX-Compass OTC WW!E231:6705859:free_text_constraint,free_text_constraint,needs_review,not_implemented,natural_language_constraint_needs_normalization,6705859,otc_step_16,,,hard_block,0.6,Only for Focus HD detector,DRX-Compass OTC WW,E231,,review_needed,review_needed,,,,
review:0360,DRX-Compass OTC WW!C240:6565667:free_text_constraint,free_text_constraint,needs_review,not_implemented,natural_language_constraint_needs_normalization,6565667,otc_step_16,,,unknown,0.6,Universal Grid Holder,DRX-Compass OTC WW,C240,,review_needed,review_needed,,,,
review:0361,DRX-Compass OTC WW!C251:step_rule,feature_requirement,needs_review,not_implemented,not_yet_implemented_requirement_rule,,,,,unknown,0.65,Smart Room: Choose 17a or 17b,DRX-Compass OTC WW,C251,,require,hard_block,,,,
review:0362,DRX-Compass OTC WW!C253:step_rule,feature_requirement,needs_review,not_implemented,not_yet_implemented_requirement_rule,,,,,unknown,0.65,Smart Room Assistant,DRX-Compass OTC WW,C253,,require,hard_block,,,,
review:0363,DRX-Compass OTC WW!D254:8626749:region_exclusion,region_exclusion,auto_approved,not_implemented,not_yet_implemented_region_block,8626749,otc_step_17a,,C;US,unknown,0.9,WW ex US&C,DRX-Compass OTC WW,D254,,region_block,hard_block,,,,
review:0364,DRX-Compass OTC WW!D255:8626780:region_exclusion,region_exclusion,auto_approved,not_implemented,not_yet_implemented_region_block,8626780,otc_step_17a,,C;US,unknown,0.9,WW ex US&C,DRX-Compass OTC WW,D255,,region_block,hard_block,,,,
review:0365,DRX-Compass OTC WW!C256:6704845:feature_requirement,feature_requirement,needs_review,not_implemented,not_yet_implemented_requirement_rule,6704845,otc_step_17a,,C,unknown,0.6,REMOTE CONTROLLER FOR SMART ROOM DRX-C,DRX-Compass OTC WW,C256,,require,hard_block,,,,
review:0366,DRX-Compass OTC WW!D256:6704845:region_exclusion,region_exclusion,auto_approved,not_implemented,not_yet_implemented_region_block,6704845,otc_step_17a,,C;US,unknown,0.9,WW ex US&C,DRX-Compass OTC WW,D256,,region_block,hard_block,,,,
review:0367,DRX-Compass OTC WW!C257:6708697:feature_requirement,feature_requirement,needs_review,not_implemented,not_yet_implemented_requirement_rule,6708697,otc_step_17a,,C,unknown,0.6,SMART ROOM ASSIST FOR DRX-C/F,DRX-Compass OTC WW,C257,,require,hard_block,,,,
review:0368,DRX-Compass OTC WW!D257:6708697:region_exclusion,region_exclusion,auto_approved,not_implemented,not_yet_implemented_region_block,6708697,otc_step_17a,,C;US,unknown,0.9,SW Licence Kit， WW ex US&C,DRX-Compass OTC WW,D257,,region_block,hard_block,,,,
review:0369,DRX-Compass OTC WW!D258:6708705:region_exclusion,region_exclusion,auto_approved,not_implemented,not_yet_implemented_region_block,6708705,otc_step_17a,,C;EU;US,unknown,0.9,"SW Licence Kit， WW ex EU,US&C",DRX-Compass OTC WW,D258,,region_block,hard_block,,,,
review:0370,DRX-Compass OTC WW!D259:8627465:region_exclusion,region_exclusion,auto_approved,not_implemented,not_yet_implemented_region_block,8627465,otc_step_17a,,C;EU;US,unknown,0.9,"SW Licence Kit， WW ex EU,US&C",DRX-Compass OTC WW,D259,,region_block,hard_block,,,,
review:0371,DRX-Compass OTC WW!C260:8627192:feature_requirement,feature_requirement,needs_review,not_implemented,not_yet_implemented_requirement_rule,8627192,otc_step_17a,,C,unknown,0.6,SMART ROOM ASSIST BUNDLE FOR DRX-C/F OTC,DRX-Compass OTC WW,C260,,require,hard_block,,,,
review:0372,DRX-Compass OTC WW!D260:8627192:free_text_constraint,free_text_constraint,needs_review,partially_implemented_region_rule,natural_language_constraint_needs_normalization,8627192,otc_step_17a,,C;US,hard_block,0.6,US&C Only,DRX-Compass OTC WW,D260,,review_needed,review_needed,,,,
review:0373,DRX-Compass OTC WW!C262:step_rule,feature_requirement,needs_review,not_implemented,not_yet_implemented_requirement_rule,,,,,unknown,0.65,Smart Room,DRX-Compass OTC WW,C262,,require,hard_block,,,,
review:0374,DRX-Compass OTC WW!D263:8626749:region_exclusion,region_exclusion,auto_approved,not_implemented,not_yet_implemented_region_block,8626749,otc_step_17b,,C;India;US,unknown,0.9,"WW ex US&C, India",DRX-Compass OTC WW,D263,,region_block,hard_block,,,,
review:0375,DRX-Compass OTC WW!D264:8626780:region_exclusion,region_exclusion,auto_approved,not_implemented,not_yet_implemented_region_block,8626780,otc_step_17b,,C;India;US,unknown,0.9,"WW ex US&C, India",DRX-Compass OTC WW,D264,,region_block,hard_block,,,,
review:0376,DRX-Compass OTC WW!C265:6704845:feature_requirement,feature_requirement,needs_review,not_implemented,not_yet_implemented_requirement_rule,6704845,otc_step_17b,,C,unknown,0.6,REMOTE CONTROLLER FOR SMART ROOM DRX-C,DRX-Compass OTC WW,C265,,require,hard_block,,,,
review:0377,DRX-Compass OTC WW!D265:6704845:region_exclusion,region_exclusion,auto_approved,not_implemented,not_yet_implemented_region_block,6704845,otc_step_17b,,C;India;US,unknown,0.9,"WW ex US&C, India",DRX-Compass OTC WW,D265,,region_block,hard_block,,,,
review:0378,DRX-Compass OTC WW!D266:8626764:region_exclusion,region_exclusion,auto_approved,not_implemented,not_yet_implemented_region_block,8626764,otc_step_17b,,C;India;US,unknown,0.9,"WW ex US&C, India",DRX-Compass OTC WW,D266,,region_block,hard_block,,,,
review:0379,DRX-Compass OTC WW!C267:6704407:feature_requirement,feature_requirement,needs_review,not_implemented,not_yet_implemented_requirement_rule,6704407,otc_step_17b,,C,unknown,0.6,SMART ROOM FOR DRX-C/F,DRX-Compass OTC WW,C267,,require,hard_block,,,,
review:0380,DRX-Compass OTC WW!D267:6704407:region_exclusion,region_exclusion,auto_approved,not_implemented,not_yet_implemented_region_block,6704407,otc_step_17b,,C;US,unknown,0.9,SW Licence Kit， WW ex US&C,DRX-Compass OTC WW,D267,,region_block,hard_block,,,,
review:0381,DRX-Compass OTC WW!D268:6708705:region_exclusion,region_exclusion,auto_approved,not_implemented,not_yet_implemented_region_block,6708705,otc_step_17b,,C;EU;US,unknown,0.9,"SW Licence Kit， WW ex EU,US&C",DRX-Compass OTC WW,D268,,region_block,hard_block,,,,
review:0382,DRX-Compass OTC WW!D269:8627465:region_exclusion,region_exclusion,auto_approved,not_implemented,not_yet_implemented_region_block,8627465,otc_step_17b,,C;EU;US,unknown,0.9,"SW Licence Kit， WW ex EU,US&C",DRX-Compass OTC WW,D269,,region_block,hard_block,,,,
review:0383,DRX-Compass OTC WW!C270:8627176:feature_requirement,feature_requirement,needs_review,not_implemented,not_yet_implemented_requirement_rule,8627176,otc_step_17b,,C,unknown,0.6,SMART ROOM BUNDLE FOR DRX-C/F OTC,DRX-Compass OTC WW,C270,,require,hard_block,,,,
review:0384,DRX-Compass OTC WW!D270:8627176:free_text_constraint,free_text_constraint,needs_review,partially_implemented_region_rule,natural_language_constraint_needs_normalization,8627176,otc_step_17b,,C;US,hard_block,0.6,US&C Only,DRX-Compass OTC WW,D270,,review_needed,review_needed,,,,
review:0385,DRX-Compass OTC WW!C271:6704431:feature_requirement,feature_requirement,needs_review,not_implemented,not_yet_implemented_requirement_rule,6704431,otc_step_17b,,,unknown,0.6,"CAMERA STAND, SMART ROOM",DRX-Compass OTC WW,C271,,require,hard_block,,,,
review:0386,DRX-Compass OTC WW!C273:step_rule,feature_requirement,needs_review,not_implemented,not_yet_implemented_requirement_rule,,,,,unknown,0.65,SNC,DRX-Compass OTC WW,C273,,require,hard_block,,,,
review:0387,DRX-Compass OTC WW!C281:6708366:free_text_constraint,free_text_constraint,needs_review,not_implemented,natural_language_constraint_needs_normalization,6708366,otc_step_19,,,unknown,0.6,GRID FOR DRX-LC,DRX-Compass OTC WW,C281,,review_needed,review_needed,,,,
